Date,Month,2024,2023,2022,2021,2020,2019,2018,2017,2016,2015,2014,2013,2012,2011,2010,2009,2008,2007,2006,2005,2004,2003,2002,2001,2000,1999,1998,1997,1996,1995
01/01,January,"1,272","1,329","1,366","1,346","1,469","1,408","1,527","1,561","1,653","1,686","1,602","1,668","1,743","1,830","1,816","1,674","1,634","1,524","1,516","1,543","1,465","1,454","1,361","1,337","1,496","1,530","1,586","1,657","1,505","1,529"
02/01,January,"1,737","1,324","1,383","1,310","1,812","1,853","1,829","1,524","1,648","1,889","2,018","1,985","1,699","1,754","1,811","1,933","2,043","1,840","1,453","1,438","1,765","1,619","1,519","1,669","1,382","1,503","1,817","1,809","1,767","1,425"
03/01,January,"1,740","1,707","1,392","1,319","1,807","1,903","1,953","1,944","1,570","1,667","2,077","2,137","2,164","1,797","1,683","1,595","2,060","1,952","1,757","1,452","1,565","1,881","1,784","1,796","1,526","1,495","1,651","2,005","1,825","1,703"
04/01,January,"1,738","1,724","1,755","1,574","1,514","1,898","1,932","1,924","2,002","1,636","1,732","2,056","2,115","2,029","2,034","1,655","2,177","1,964","1,854","1,774","1,473","1,502","1,776","1,832","1,818","1,797","1,561","1,742","1,913","1,883"
05/01,January,"1,770","1,801","1,749","1,640","1,473","1,556","1,932","1,936","1,982","1,970","1,621","1,760","2,117","2,112","2,126","2,006","1,866","1,949","1,820","1,852","1,769","1,372","1,473","1,838","1,836","1,859","1,871","1,462","1,888","1,890"
06/01,January,"1,403","1,741","1,762","1,649","1,781","1,527","1,730","1,909","2,064","1,997","1,970","1,698","2,155","2,112","2,027","1,906","1,670","1,730","1,818","1,810","1,879","1,656","1,308","1,570","1,820","1,827","1,813","1,899","1,631","2,047"
07/01,January,"1,387","1,370","1,773","1,668","1,850","1,874","1,566","1,627","2,044","1,963","2,001","1,896","1,800","2,156","2,031","1,958","1,966","1,526","1,588","1,950","1,777","1,668","1,681","1,359","1,857","1,820","1,821","1,898","1,459","1,605"
08/01,January,"1,602","1,354","1,388","1,678","1,828","1,739","1,830","1,548","2,043","2,034","1,946","1,975","1,689","1,801","2,100","1,923","2,064","1,876","1,464","1,612","1,786","1,750","1,676","1,596","1,531","1,737","1,888","1,924","1,863","1,466"
09/01,January,"1,676","1,722","1,398","1,395","1,848","1,790","1,921","1,860","1,672","1,956","1,959","1,982","2,070","1,742","1,774","1,981","1,979","1,949","1,750","1,496","1,859","1,644","1,674","1,703","1,406","1,470","1,855","1,868","1,827","1,718"
10/01,January,"1,638","1,689","1,734","1,354","1,858","1,812","1,860","1,920","1,607","1,760","1,939","2,034","2,031","2,006","1,700","1,617","2,121","1,868","1,690","1,728","1,463","1,663","1,725","1,781","1,704","1,425","1,547","1,934","1,814","1,816"
11/01,January,"1,684","1,744","1,754","1,564","1,527","1,882","1,959","1,939","1,907","1,641","1,734","2,053","2,100","2,108","2,036","1,557","2,088","1,856","1,859","1,754","1,460","1,466","1,644","1,749","1,740","1,649","1,386","1,662","1,825","1,873"
12/01,January,"1,674","1,694","1,678","1,663","1,533","1,491","2,027","1,983","1,809","1,829","1,610","1,705","2,127","2,042","2,074","1,980","1,782","1,978","1,873","1,822","1,800","1,295","1,453","1,743","1,703","1,759","1,770","1,483","1,834","1,840"
13/01,January,"1,339","1,685","1,751","1,585","1,715","1,559","1,678","1,875","1,927","1,897","1,924","1,610","2,017","2,017","2,050","1,958","1,629","1,708","1,771","1,764","1,821","1,592","1,266","1,448","1,757","1,730","1,761","1,781","1,590","1,758"
14/01,January,"1,380","1,341","1,671","1,662","1,770","1,780","1,639","1,716","1,970","2,022","1,953","1,933","1,742","2,106","2,114","1,925","2,060","1,516","1,583","1,880","1,802","1,741","1,635","1,301","1,798","1,819","1,795","1,824","1,496","1,538"
15/01,January,"1,688","1,331","1,402","1,541","1,815","1,763","1,889","1,540","1,930","1,985","1,952","1,954","1,712","1,711","2,106","2,017","1,990","1,892","1,463","1,543","1,887","1,816","1,582","1,609","1,417","1,734","1,803","1,811","1,674","1,421"
16/01,January,"1,760","1,643","1,379","1,364","1,813","1,808","1,822","1,831","1,625","1,987","2,053","1,979","2,059","1,764","1,831","1,975","1,998","1,946","1,841","1,464","1,796","1,703","1,619","1,725","1,310","1,495","1,832","1,790","1,787","1,767"
17/01,January,"1,710","1,707","1,708","1,328","1,817","1,807","1,939","1,894","1,581","1,708","2,075","2,020","2,074","1,915","1,685","1,655","2,028","1,880","1,841","1,710","1,597","1,723","1,673","1,759","1,614","1,398","1,560","1,888","1,823","1,833"
18/01,January,"1,765","1,631","1,612","1,569","1,400","1,807","1,905","1,886","1,898","1,600","1,680","1,951","2,091","1,995","2,016","1,580","2,003","1,910","1,855","1,786","1,529","1,495","1,698","1,752","1,693","1,700","1,473","1,576","1,916","1,839"
19/01,January,"1,735","1,734","1,750","1,671","1,491","1,627","1,945","1,927","1,911","1,920","1,605","1,794","2,223","2,057","2,011","1,893","1,771","1,987","1,822","1,797","1,799","1,384","1,347","1,791","1,730","1,730","1,669","1,486","1,765","1,890"
20/01,January,"1,369","1,690","1,732","1,732","1,688","1,521","1,598","1,874","1,944","1,967","1,939","1,685","2,191","2,142","2,011","1,946","1,565","1,702","1,823","1,803","1,819","1,721","1,326","1,463","1,775","1,790","1,822","1,700","1,564","1,875"
21/01,January,"1,375","1,284","1,677","1,738","1,768","1,726","1,508","1,697","1,978","1,935","2,004","1,931","1,824","2,000","2,005","1,972","1,962","1,449","1,569","1,896","1,793","1,727","1,640","1,342","1,765","1,758","1,715","1,741","1,400","1,639"
22/01,January,"1,730","1,351","1,417","1,639","1,757","1,808","1,839","1,627","1,961","1,995","1,943","1,988","1,844","1,709","2,067","1,962","1,960","1,863","1,556","1,486","1,778","1,821","1,665","1,653","1,481","1,724","1,862","1,847","1,690","1,458"
23/01,January,"1,769","1,750","1,379","1,372","1,800","1,782","1,851","1,836","1,661","2,054","1,980","1,999","2,103","1,640","1,750","1,992","2,037","1,907","1,822","1,399","1,891","1,751","1,709","1,810","1,357","1,457","1,878","1,888","1,805","1,777"
24/01,January,"1,732","1,690","1,749","1,338","1,874","1,778","1,917","1,934","1,701","1,676","1,925","1,992","2,155","1,953","1,613","1,690","1,941","1,898","1,764","1,692","1,499","1,759","1,723","1,737","1,641","1,358","1,532","1,792","1,854","1,833"
25/01,January,"1,793","1,724","1,643","1,656","1,438","1,852","1,881","1,894","1,914","1,638","1,666","1,931","2,115","2,055","1,984","1,627","2,014","1,991","1,804","1,780","1,492","1,412","1,723","1,792","1,699","1,700","1,439","1,590","1,842","1,775"
26/01,January,"1,671","1,741","1,699","1,592","1,495","1,596","1,947","1,989","1,962","1,888","1,578","1,744","2,178","2,012","2,023","1,898","1,674","1,881","1,879","1,835","1,717","1,407","1,382","1,786","1,744","1,779","1,743","1,409","1,844","1,799"
27/01,January,"1,377","1,691","1,763","1,684","1,767","1,463","1,674","1,959","1,962","1,928","1,921","1,715","2,138","2,063","1,960","1,880","1,651","1,656","1,869","1,809","1,784","1,677","1,342","1,397","1,754","1,751","1,819","1,759","1,475","1,886"
28/01,January,"1,334","1,377","1,719","1,712","1,770","1,789","1,553","1,650","2,062","1,974","1,937","1,924","1,825","2,065","2,080","1,957","1,975","1,493","1,609","1,865","1,792","1,727","1,652","1,307","1,703","1,778","1,850","1,843","1,461","1,559"
29/01,January,"1,723","1,406","1,461","1,723","1,810","1,796","1,816","1,605","1,903","1,926","1,957","2,027","1,743","1,762","2,081","2,022","1,992","1,818","1,576","1,585","1,792","1,695","1,649","1,667","1,460","1,794","1,847","1,816","1,753","1,467"
30/01,January,"1,752","1,672","1,373","1,322","1,748","1,807","1,827","1,918","1,689","1,958","1,970","1,982","2,033","1,691","1,827","1,958","2,033","1,850","1,785","1,459","1,825","1,735","1,720","1,656","1,361","1,454","1,851","1,792","1,831","1,748"
31/01,January,"1,735","1,633","1,694","1,354","1,768","1,875","1,879","1,910","1,608","1,725","1,942","1,993","2,065","2,086","1,753","1,669","1,958","1,959","1,788","1,743","1,554","1,723","1,740","1,623","1,669","1,348","1,606","1,841","1,802","1,798"
01/02,February,"1,806","1,766","1,681","1,592","1,527","1,819","1,905","1,873","2,050","1,643","1,696","2,080","2,072","2,056","2,043","1,614","2,050","2,014","1,834","1,835","1,491","1,540","1,717","1,728","1,709","1,634","1,434","1,557","1,878","1,945"
02/02,February,"1,744","1,748","1,816","1,645","1,450","1,522","1,957","1,972","1,994","1,875","1,586","1,714","2,038","2,031","2,062","1,825","1,744","1,995","1,845","1,833","1,805","1,361","1,433","1,742","1,672","1,811","1,767","1,386","1,818","1,942"
03/02,February,"1,444","1,781","1,824","1,690","1,760","1,468","1,560","1,919","1,980","1,938","1,884","1,686","2,058","2,086","1,995","1,991","1,644","1,694","1,904","1,750","1,774","1,710","1,325","1,492","1,745","1,773","1,846","1,833","1,532","1,836"
04/02,February,"1,389","1,362","1,771","1,759","1,796","1,821","1,510","1,613","2,007","1,986","1,928","1,873","1,804","2,122","2,070","1,965","1,962","1,461","1,667","1,858","1,787","1,755","1,645","1,373","1,724","1,830","1,907","1,822","1,439","1,603"
05/02,February,"1,719","1,380","1,395","1,720","1,670","1,826","1,750","1,588","2,060","1,944","2,026","2,006","1,707","1,777","2,162","2,005","1,939","1,881","1,550","1,527","1,836","1,704","1,703","1,691","1,429","1,775","1,815","1,876","1,683","1,468"
06/02,February,"1,759","1,691","1,409","1,440","1,780","1,790","1,866","1,913","1,732","1,982","2,089","2,020","2,006","1,650","1,764","2,038","1,977","1,959","1,790","1,440","1,852","1,748","1,613","1,703","1,389","1,575","1,875","1,893","1,894","1,734"
07/02,February,"1,803","1,600","1,744","1,385","1,758","1,875","1,857","1,888","1,707","1,592","1,975","2,093","2,025","2,034","1,694","1,652","1,984","1,950","1,814","1,737","1,529","1,817","1,675","1,665","1,663","1,462","1,521","1,894","1,850","1,900"
08/02,February,"1,796","1,728","1,775","1,678","1,462","1,857","1,946","1,946","1,948","1,618","1,778","2,007","2,084","1,945","1,995","1,584","1,933","1,936","1,876","1,723","1,449","1,428","1,786","1,698","1,807","1,724","1,405","1,596","1,914","1,866"
09/02,February,"1,740","1,750","1,714","1,721","1,442","1,484","1,869","1,994","2,003","1,912","1,611","1,662","2,124","2,003","2,056","1,945","1,697","1,972","1,913","1,757","1,720","1,364","1,440","1,659","1,687","1,764","1,733","1,370","1,841","1,888"
10/02,February,"1,434","1,675","1,753","1,717","1,715","1,510","1,585","1,991","1,933","1,916","2,026","1,644","2,103","2,191","2,032","2,010","1,608","1,665","1,931","1,751","1,796","1,631","1,345","1,444","1,750","1,736","1,857","1,810","1,674","1,863"
11/02,February,"1,414","1,417","1,776","1,773","1,741","1,797","1,485","1,671","2,020","1,996","1,993","1,961","1,702","2,125","2,020","2,036","1,998","1,614","1,612","1,862","1,805","1,764","1,621","1,304","1,636","1,763","1,859","1,865","1,440","1,628"
12/02,February,"1,748","1,363","1,434","1,738","1,812","1,783","1,785","1,670","1,978","2,070","2,042","1,985","1,691","1,773","2,033","1,989","1,973","1,940","1,582","1,575","1,797","1,726","1,668","1,617","1,453","1,773","1,968","1,880","1,731","1,569"
13/02,February,"1,695","1,607","1,419","1,428","1,758","1,784","1,807","1,874","1,747","1,991","1,972","1,863","1,953","1,700","1,729","1,998","1,935","1,889","1,866","1,484","1,725","1,696","1,664","1,653","1,331","1,524","1,783","1,869","1,825","1,755"
14/02,February,"1,750","1,730","1,760","1,435","1,821","1,864","1,844","1,948","1,618","1,706","2,105","2,065","1,983","2,048","1,571","1,746","2,035","1,957","1,902","1,772","1,560","1,770","1,676","1,718","1,641","1,340","1,552","1,954","1,896","1,937"
15/02,February,"1,746","1,726","1,742","1,756","1,498","1,862","1,858","1,861","1,897","1,726","1,790","1,966","2,074","2,099","2,006","1,641","1,982","1,941","1,838","1,798","1,392","1,501","1,810","1,721","1,727","1,680","1,446","1,574","1,794","1,989"
16/02,February,"1,750","1,751","1,763","1,730","1,441","1,487","1,796","1,963","1,933","1,939","1,656","1,734","2,090","2,133","2,127","2,034","1,664","1,987","1,955","1,759","1,708","1,303","1,394","1,702","1,734","1,795","1,760","1,450","1,849","1,845"
17/02,February,"1,360","1,642","1,742","1,813","1,716","1,481","1,587","1,937","1,944","1,971","1,976","1,704","2,108","2,071","2,062","2,008","1,481","1,649","1,917","1,758","1,783","1,611","1,316","1,394","1,787","1,818","1,878","1,843","1,572","1,817"
18/02,February,"1,387","1,352","1,689","1,808","1,730","1,775","1,491","1,562","2,034","1,944","1,977","1,976","1,754","2,048","2,068","2,036","1,997","1,561","1,682","1,837","1,834","1,686","1,637","1,287","1,697","1,878","1,802","1,966","1,461","1,602"
19/02,February,"1,678","1,348","1,463","1,774","1,810","1,826","1,736","1,603","1,969","2,024","1,944","1,984","1,709","1,774","2,072","1,961","1,979","1,826","1,610","1,553","1,808","1,768","1,704","1,646","1,423","1,858","1,845","1,904","1,740","1,476"
20/02,February,"1,693","1,608","1,431","1,505","1,860","1,847","1,760","1,893","1,723","1,966","1,982","2,018","1,992","1,682","1,759","2,016","1,989","1,851","1,761","1,517","1,812","1,772","1,764","1,710","1,285","1,512","1,874","1,880","1,825","1,790"
21/02,February,"1,740","1,634","1,724","1,440","1,784","1,820","1,807","1,857","1,631","1,639","1,985","2,006","2,051","2,017","1,652","1,732","2,086","1,928","1,826","1,784","1,610","1,720","1,721","1,690","1,562","1,407","1,562","1,928","1,809","1,904"
22/02,February,"1,742","1,710","1,754","1,756","1,512","1,776","1,842","1,830","1,919","1,591","1,690","2,002","1,979","2,064","1,894","1,647","2,071","1,937","1,892","1,783","1,482","1,517","1,756","1,727","1,654","1,781","1,477","1,629","1,834","1,799"
23/02,February,"1,880","1,743","1,749","1,787","1,406","1,485","1,838","1,913","1,884","1,890","1,574","1,729","2,113","2,000","2,056","1,899","1,779","1,995","1,832","1,840","1,687","1,394","1,445","1,796","1,689","1,846","1,772","1,437","1,802","1,894"
24/02,February,"1,370","1,715","1,817","1,784","1,622","1,470","1,552","1,962","1,958","1,962","1,921","1,589","2,098","2,099","2,022","1,956","1,636","1,665","1,970","1,837","1,823","1,733","1,294","1,439","1,830","1,841","1,839","1,811","1,636","1,874"
25/02,February,"1,384","1,309","1,729","1,781","1,760","1,782","1,449","1,704","2,035","1,942","2,046","1,966","1,680","2,028","2,046","1,945","1,982","1,545","1,605","1,911","1,810","1,790","1,721","1,429","1,781","1,836","1,844","1,872","1,445","1,653"
26/02,February,"1,746","1,324","1,402","1,730","1,732","1,760","1,834","1,567","2,024","1,989","1,995","2,061","1,654","1,731","2,051","1,931","1,976","1,820","1,515","1,535","1,819","1,729","1,786","1,639","1,485","1,855","1,873","1,903","1,744","1,421"
27/02,February,"1,788","1,678","1,365","1,424","1,731","1,785","1,735","1,867","1,706","1,944","2,004","2,076","2,040","1,728","1,774","1,991","2,102","1,868","1,804","1,463","1,883","1,704","1,735","1,733","1,336","1,589","1,899","1,844","1,845","1,767"
28/02,February,"1,809","1,599","1,708","1,449","1,749","1,847","1,781","1,880","1,643","1,649","2,027","1,967","2,070","1,983","1,736","1,838","2,041","1,915","1,903","1,801","1,547","1,775","1,756","1,750","1,695","1,435","1,602","1,886","1,801","1,930"
29/02,February,"1,690",[z],[z],[z],"1,474",[z],[z],[z],"1,855",[z],[z],[z],"2,021",[z],[z],[z],"1,982",[z],[z],[z],"1,426",[z],[z],[z],"1,696",[z],[z],[z],"1,816",[z]
01/03,March,"1,739","1,721","1,751","1,801","1,460","1,800","1,732","1,969","1,994","1,587","1,690","2,022","2,084","2,085","2,060","1,654","1,754","1,945","1,906","1,876","1,799","1,515","1,726","1,708","1,754","1,818","1,407","1,598","1,877","1,974"
02/03,March,"1,360","1,754","1,705","1,771","1,667","1,517","1,779","1,942","1,995","1,903","1,613","1,701","2,084","1,960","2,022","1,957","1,699","1,931","1,923","1,853","1,781","1,325","1,401","1,765","1,825","1,870","1,766","1,520","1,577","1,934"
03/03,March,"1,365","1,793","1,833","1,760","1,802","1,484","1,508","1,916","2,082","1,916","1,999","1,601","1,729","2,057","1,969","1,979","1,975","1,686","1,983","1,860","1,790","1,772","1,326","1,418","1,769","1,822","1,902","1,750","1,408","2,001"
04/03,March,"1,701","1,333","1,810","1,789","1,811","1,810","1,462","1,688","2,012","1,924","2,011","2,003","1,656","2,139","2,017","2,002","2,021","1,572","1,652","1,885","1,809","1,776","1,617","1,321","1,499","1,912","1,868","1,889","1,706","1,659"
05/03,March,"1,774","1,371","1,395","1,810","1,776","1,819","1,756","1,574","1,691","1,972","1,979","1,995","2,065","1,755","2,002","1,993","2,012","1,897","1,510","1,587","1,849","1,792","1,746","1,659","1,346","1,871","1,849","1,862","1,833","1,416"
06/03,March,"1,765","1,694","1,480","1,430","1,759","1,795","1,799","1,834","1,637","1,890","1,957","2,118","2,079","1,677","1,766","2,032","2,077","1,958","1,860","1,493","1,558","1,798","1,789","1,708","1,594","1,491","1,952","1,937","1,762","1,754"
07/03,March,"1,738","1,752","1,763","1,460","1,466","1,852","1,807","1,911","1,913","1,692","2,019","2,062","2,041","1,946","1,669","1,785","2,060","1,953","1,875","1,809","1,442","1,756","1,741","1,748","1,709","1,391","1,556","1,947","1,809","1,851"
08/03,March,"1,709","1,779","1,756","1,746","1,435","1,879","1,869","1,890","1,999","1,545","1,661","2,020","2,115","1,987","1,901","1,597","1,734","1,960","1,886","1,786","1,692","1,514","1,736","1,718","1,765","1,729","1,418","1,552","1,859","1,958"
09/03,March,"1,407","1,720","1,768","1,757","1,760","1,501","1,867","1,971","1,825","1,892","1,622","1,728","2,160","2,015","2,118","1,907","1,576","1,891","1,876","1,812","1,682","1,381","1,414","1,745","1,769","1,884","1,768","1,494","1,561","1,936"
10/03,March,"1,387","1,734","1,759","1,783","1,718","1,503","1,628","1,877","1,934","1,906","1,939","1,654","1,715","2,058","2,002","1,972","2,009","1,672","1,920","1,819","1,809","1,654","1,332","1,418","1,772","1,691","1,845","1,766","1,454","1,891"
11/03,March,"1,689","1,373","1,760","1,785","1,713","1,741","1,560","1,619","1,926","1,890","1,954","1,943","1,703","2,098","2,028","1,920","2,026","1,582","1,665","1,862","1,715","1,706","1,693","1,280","1,470","1,790","1,886","1,937","1,769","1,613"
12/03,March,"1,736","1,362","1,407","1,837","1,827","1,862","1,741","1,547","1,662","1,973","1,969","1,898","1,998","1,683","2,022","2,078","2,054","1,841","1,494","1,563","1,863","1,784","1,645","1,623","1,328","1,778","1,906","1,824","1,808","1,491"
13/03,March,"1,754","1,655","1,388","1,482","1,706","1,783","1,796","1,863","1,610","1,891","1,932","1,985","2,040","1,699","1,701","2,010","2,013","1,884","1,781","1,493","1,546","1,791","1,727","1,666","1,603","1,601","1,800","1,886","1,799","1,692"
14/03,March,"1,713","1,619","1,757","1,428","1,464","1,837","1,782","1,923","1,852","1,709","1,957","2,031","2,054","1,944","1,683","1,641","2,054","1,924","1,895","1,802","1,458","1,707","1,720","1,716","1,684","1,412","1,581","1,839","1,881","1,953"
15/03,March,"1,719","1,603","1,707","1,707","1,441","1,815","1,861","1,958","1,906","1,602","1,645","2,026","2,103","1,994","1,889","1,653","1,679","1,926","1,917","1,770","1,651","1,455","1,707","1,735","1,671","1,718","1,429","1,604","1,942","1,944"
16/03,March,"1,367","1,700","1,741","1,748","1,688","1,469","1,884","1,877","2,008","1,859","1,725","1,688","2,137","1,967","2,027","1,911","1,667","1,931","1,863","1,851","1,787","1,355","1,352","1,712","1,702","1,773","1,697","1,505","1,606","1,877"
17/03,March,"1,342","1,663","1,744","1,838","1,725","1,494","1,497","1,879","1,994","1,866","1,932","1,601","1,790","2,052","2,013","1,940","1,909","1,659","1,864","1,804","1,827","1,667","1,272","1,487","1,740","1,883","1,791","1,808","1,430","1,961"
18/03,March,"1,662","1,390","1,715","1,762","1,791","1,796","1,490","1,618","1,982","1,882","1,979","1,899","1,735","1,977","2,060","1,923","2,043","1,562","1,522","1,792","1,803","1,741","1,612","1,340","1,430","1,814","1,931","1,859","1,717","1,571"
19/03,March,"1,691","1,292","1,404","1,815","1,803","1,833","1,769","1,581","1,701","2,030","1,953","1,926","1,987","1,646","2,045","2,014","2,065","1,896","1,569","1,550","1,832","1,788","1,689","1,653","1,337","1,795","1,788","1,893","1,863","1,469"
20/03,March,"1,751","1,601","1,382","1,400","1,747","1,804","1,807","1,863","1,611","1,841","1,972","2,001","2,052","1,668","1,741","2,010","2,149","1,873","1,824","1,508","1,546","1,732","1,680","1,655","1,679","1,500","1,891","1,928","1,814","1,681"
21/03,March,"1,727","1,633","1,663","1,458","1,411","1,867","1,809","1,844","1,857","1,610","2,007","2,000","2,062","2,007","1,591","1,717","1,811","1,898","1,859","1,753","1,406","1,677","1,653","1,680","1,766","1,413","1,544","1,917","1,902","1,877"
22/03,March,"1,739","1,668","1,680","1,735","1,388","1,777","1,895","1,911","1,973","1,565","1,680","1,944","2,083","1,941","1,947","1,625","1,789","1,902","1,763","1,824","1,695","1,447","1,688","1,797","1,834","1,730","1,408","1,614","1,833","1,870"
23/03,March,"1,313","1,672","1,736","1,813","1,682","1,499","1,863","1,978","1,952","1,961","1,626","1,689","2,024","1,971","2,027","1,943","1,590","1,922","1,849","1,862","1,757","1,334","1,362","1,682","1,789","1,773","1,769","1,464","1,669","1,836"
24/03,March,"1,363","1,689","1,723","1,781","1,674","1,468","1,635","1,933","2,093","1,939","1,888","1,640","1,796","2,062","2,007","2,019","1,609","1,634","1,946","2,035","1,824","1,689","1,270","1,525","1,828","1,795","1,752","1,803","1,453","1,879"
25/03,March,"1,701","1,265","1,769","1,864","1,728","1,744","1,472","1,533","1,713","1,893","1,887","1,969","1,662","2,043","2,039","2,016","1,983","1,425","1,650","1,654","1,784","1,751","1,634","1,240","1,477","1,811","1,783","1,937","1,722","1,646"
26/03,March,"1,794","1,262","1,396","1,724","1,782","1,768","1,821","1,477","1,652","1,929","1,931","1,947","1,984","1,728","1,972","2,013","2,070","1,877","1,508","1,512","1,779","1,779","1,731","1,630","1,333","1,807","1,857","1,892","1,802","1,373"
27/03,March,"1,730","1,664","1,311","1,449","1,749","1,826","1,867","1,891","1,545","1,889","2,012","2,037","2,063","1,586","1,691","2,001","2,010","1,881","1,879","1,373","1,519","1,801","1,695","1,609","1,720","1,513","1,862","2,059","1,827","1,755"
28/03,March,"1,819","1,674","1,660","1,343","1,427","1,793","1,941","1,923","1,569","1,611","1,945","2,086","2,042","1,989","1,598","1,752","2,033","1,929","1,875","1,424","1,423","1,784","1,785","1,737","1,729","1,369","1,580","1,705","1,929","1,885"
29/03,March,"1,473","1,596","1,758","1,806","1,326","1,787","2,008","1,960","1,971","1,585","1,618","1,761","2,117","2,049","2,047","1,546","1,746","1,847","1,883","1,772","1,762","1,500","1,465","1,723","1,728","1,819","1,340","1,538","1,853","1,846"
30/03,March,"1,353","1,773","1,724","1,802","1,699","1,513","1,615","1,986","2,012","1,944","1,500","1,672","2,077","1,984","2,136","1,966","1,616","1,863","1,922","1,840","1,788","1,359","1,409","1,691","1,734","1,839","1,829","1,318","1,518","1,850"
31/03,March,"1,260","1,650","1,785","1,797","1,655","1,444","1,555","1,889","1,912","1,996","1,863","1,587","1,806","2,047","2,175","1,984","2,013","1,571","1,942","1,847","1,817","1,715","1,355","1,404","1,731","1,886","1,871","1,438","1,387","1,920"
01/04,April,"1,304","1,301","1,652","1,889","1,710","1,702","1,484","1,556","2,018","1,984","1,845","1,605","1,632","2,011","2,095","1,939","1,976","1,508","1,511","1,776","1,774","1,713","1,295","1,215","1,531","1,937","1,732","1,733","1,655","1,563"
02/04,April,"1,776","1,264","1,411","1,523","1,860","1,817","1,515","1,565","1,606","2,098","1,903","1,935","2,081","1,720","1,820","1,981","1,959","1,849","1,460","1,500","1,857","1,789","1,629","1,632","1,391","1,629","1,832","1,917","1,811","1,410"
03/04,April,"1,712","1,663","1,328","1,486","1,797","1,853","1,792","1,861","1,618","1,732","1,973","1,969","2,027","1,666","1,696","2,040","2,035","1,923","1,803","1,451","1,521","1,712","1,775","1,722","1,643","1,527","1,915","1,933","1,850","1,777"
04/04,April,"1,797","1,747","1,692","1,405","1,430","1,772","1,879","1,893","1,944","1,664","1,960","2,036","2,122","2,007","1,585","1,725","1,995","1,904","1,820","1,802","1,397","1,830","1,753","1,649","1,784","1,383","1,592","1,924","1,942","1,908"
05/04,April,"1,776","1,771","1,762","1,372","1,390","1,869","1,943","1,959","2,107","1,622","1,648","2,103","2,175","2,113","1,584","1,579","1,659","2,045","1,839","1,750","1,750","1,522","1,676","1,679","1,680","1,406","1,369","1,692","1,658","1,901"
06/04,April,"1,418","1,876","1,771","1,785","1,704","1,561","1,929","1,975","1,925","1,595","1,624","1,679","1,863","2,007","1,944","1,966","1,561","1,834","1,894","1,800","1,806","1,413","1,410","1,751","1,781","1,731","1,808","1,452","1,468","1,969"
07/04,April,"1,383","1,393","1,828","1,833","1,782","1,520","1,573","1,957","1,991","1,868","1,872","1,668","1,758","2,082","2,064","2,030","1,972","1,595","1,867","1,937","1,834","1,721","1,347","1,432","1,726","1,796","1,889","1,858","1,367","1,919"
08/04,April,"1,683","1,361","1,776","1,837","1,778","1,808","1,464","1,648","2,029","1,955","1,956","1,893","1,691","1,956","2,107","2,071","2,009","1,455","1,615","1,881","1,875","1,815","1,665","1,284","1,494","1,849","1,898","1,824","1,397","1,556"
09/04,April,"1,720","1,250","1,403","1,834","1,823","1,845","1,762","1,659","1,628","2,001","1,893","2,013","1,752","1,793","2,023","2,188","2,034","1,633","1,499","1,546","1,592","1,789","1,687","1,638","1,362","1,845","2,017","1,838","1,770","1,416"
10/04,April,"1,753","1,308","1,370","1,438","1,622","1,736","1,890","1,941","1,581","1,986","1,946","1,929","2,076","1,633","1,690","1,876","2,016","1,882","1,841","1,449","1,578","1,738","1,743","1,797","1,679","1,468","1,702","1,890","1,956","1,837"
11/04,April,"1,747","1,751","1,773","1,401","1,462","1,832","1,869","1,897","1,905","1,638","1,948","2,016","2,180","2,008","1,591","1,730","2,018","1,986","1,839","1,802","1,501","1,834","1,642","1,731","1,696","1,348","1,521","1,859","1,772","1,905"
12/04,April,"1,770","1,681","1,796","1,663","1,412","1,802","1,925","1,930","1,968","1,620","1,670","1,940","2,098","1,980","1,899","1,645","1,701","1,984","1,947","1,864","1,389","1,554","1,747","1,756","1,788","1,774","1,417","1,609","1,794","1,897"
13/04,April,"1,375","1,681","1,771","1,793","1,420","1,508","1,842","2,039","2,009","1,835","1,595","1,621","2,077","1,939","1,990","1,624","1,637","1,956","1,960","1,788","1,766","1,476","1,392","1,434","1,735","1,763","1,440","1,493","1,586","1,884"
14/04,April,"1,379","1,667","1,822","1,777","1,700","1,388","1,514","1,729","2,037","1,944","1,849","1,559","1,762","2,052","1,996","1,876","2,023","1,641","1,740","1,806","1,912","1,739","1,289","1,422","1,794","1,796","1,778","1,852","1,411","1,681"
15/04,April,"1,698","1,296","1,393","1,765","1,704","1,777","1,533","1,651","1,999","2,025","2,007","1,914","1,587","2,055","1,952","2,041","2,008","1,612","1,563","1,804","1,901","1,787","1,650","1,343","1,476","1,833","1,901","1,822","1,623","1,526"
16/04,April,"1,689","1,324","1,420","1,713","1,712","1,803","1,779","1,596","1,693","1,971","2,019","1,833","1,983","1,756","2,053","2,052","2,074","1,917","1,434","1,574","1,863","1,937","1,624","1,319","1,394","1,857","1,947","1,936","1,873","1,441"
17/04,April,"1,694","1,685","1,254","1,420","1,807","1,816","1,858","1,576","1,607","1,908","2,070","1,936","2,019","1,733","1,691","2,050","2,054","1,953","1,513","1,520","1,595","1,901","1,679","1,640","1,711","1,555","1,936","1,873","1,831","1,438"
18/04,April,"1,750","1,690","1,334","1,464","1,453","1,986","1,898","1,929","1,930","1,628","1,691","1,941","2,121","2,040","1,608","1,719","2,063","1,931","1,912","1,828","1,408","1,587","1,711","1,757","1,785","1,444","1,555","1,917","1,868","1,787"
19/04,April,"1,671","1,618","1,778","1,735","1,384","1,555","1,918","1,981","2,009","1,602","1,674","1,935","2,124","2,092","1,985","1,671","1,835","1,941","1,942","1,757","1,737","1,538","1,699","1,820","1,793","1,692","1,427","1,610","1,793","1,950"
20/04,April,"1,308","1,719","1,757","1,765","1,686","1,512","1,863","1,979","1,937","1,814","1,568","1,687","2,054","2,090","1,978","1,892","1,689","1,938","1,931","1,835","1,828","1,422","1,415","1,757","1,930","1,679","1,749","1,503","1,510","1,894"
21/04,April,"1,366","1,629","1,797","1,827","1,749","1,461","1,510","1,994","1,987","1,999","1,571","1,532","1,717","2,253","2,000","2,022","2,012","1,584","1,972","1,831","1,841","1,481","1,287","1,445","1,580","1,782","1,842","1,770","1,401","1,967"
22/04,April,"1,650","1,310","1,725","1,789","1,720","1,437","1,546","1,637","2,023","2,011","1,901","1,898","1,690","1,799","2,077","2,023","2,030","1,594","1,654","1,906","1,827","1,706","1,595","1,352","1,397","1,799","1,865","1,893","1,732","1,610"
23/04,April,"1,782","1,340","1,398","1,719","1,778","1,776","1,778","1,589","1,795","1,975","1,992","1,881","1,981","1,746","2,026","2,025","2,046","1,881","1,521","1,563","1,810","1,836","1,719","1,649","1,353","1,904","1,909","1,894","1,797","1,479"
24/04,April,"1,758","1,671","1,370","1,498","1,758","1,820","1,872","1,869","1,639","2,021","2,071","1,940","1,959","1,664","1,719","2,098","1,976","1,963","1,853","1,427","1,512","1,838","1,753","1,721","1,452","1,487","1,890","1,966","1,698","1,693"
25/04,April,"1,844","1,669","1,709","1,473","1,418","1,844","1,897","1,954","2,000","1,652","1,954","1,955","2,037","1,620","1,681","1,747","2,053","1,855","1,859","1,787","1,467","1,826","1,819","1,735","1,660","1,401","1,608","1,925","1,742","1,861"
26/04,April,"1,755","1,673","1,682","1,776","1,416","1,817","1,882","1,925","1,906","1,640","1,704","1,926","2,098","2,028","2,039","1,644","1,720","1,943","1,961","1,877","1,750","1,500","1,778","1,817","1,778","1,740","1,450","1,719","1,774","1,958"
27/04,April,"1,404","1,737","1,775","1,807","1,727","1,525","1,917","1,986","1,870","1,914","1,641","1,608","2,007","2,151","2,076","2,028","1,719","1,905","1,973","1,915","1,777","1,479","1,415","1,784","1,818","1,866","1,747","1,545","1,542","1,973"
28/04,April,"1,433","1,747","1,729","1,827","1,667","1,421","1,582","2,005","2,002","2,019","1,883","1,513","1,738","2,155","2,066","2,114","2,077","1,640","2,038","1,880","1,859","1,753","1,373","1,509","1,808","1,765","1,859","1,881","1,381","1,850"
29/04,April,"1,738","1,383","1,734","1,866","1,704","1,790","1,559","1,699","2,134","2,017","1,927","1,899","1,668","1,916","2,094","2,010","2,022","1,537","1,654","1,795","1,791","1,824","1,649","1,354","1,607","1,869","1,885","1,945","1,700","1,632"
30/04,April,"1,735","1,398","1,366","1,798","1,764","1,795","1,866","1,634","1,766","2,113","1,955","1,922","2,011","1,786","2,067","2,041","2,091","1,834","1,578","1,613","1,865","1,701","1,724","1,661","1,405","1,831","1,941","1,913","1,793","1,495"
01/05,May,"1,807","1,332","1,349","1,516","1,784","1,894","1,938","1,642","1,644","2,015","2,060","2,004","2,061","1,650","1,739","2,138","2,091","1,963","1,560","1,541","1,592","1,849","1,729","1,761","1,434","1,538","1,871","1,992","1,875","1,880"
02/05,May,"1,806","1,764","1,404","1,500","1,463","1,869","1,873","1,997","1,599","1,745","2,112","2,006","2,083","1,671","1,678","1,701","2,197","1,959","1,939","1,471","1,516","1,844","1,760","1,805","1,699","1,452","1,570","2,021","1,863","1,885"
03/05,May,"1,855","1,755","1,771","1,422","1,413","1,869","1,946","2,013","2,049","1,729","1,711","1,987","2,129","2,021","1,679","1,661","1,772","2,046","1,990","1,806","1,500","1,597","1,843","1,746","1,875","1,368","1,465","1,671","1,829","2,019"
04/05,May,"1,415","1,788","1,776","1,844","1,722","1,660","1,986","2,000","2,036","1,578","1,603","1,680","2,171","2,138","2,033","1,645","1,648","2,020","1,991","1,894","1,722","1,429","1,539","1,839","1,765","1,770","1,496","1,519","1,554","2,068"
05/05,May,"1,395","1,802","1,735","1,849","1,802","1,507","1,572","2,051","2,083","2,060","1,608","1,605","1,799","2,127","2,086","2,031","1,692","1,714","2,000","1,872","1,946","1,496","1,339","1,453","1,801","1,859","1,719","1,510","1,436","2,057"
06/05,May,"1,422","1,372","1,811","1,797","1,838","1,477","1,501","1,677","2,080","1,997","1,952","1,596","1,779","2,080","2,098","2,127","2,006","1,630","1,610","1,870","1,871","1,759","1,329","1,366","1,534","1,899","1,849","1,830","1,450","1,667"
07/05,May,"1,842","1,352","1,409","1,780","1,871","1,841","1,621","1,577","1,734","2,000","2,068","1,968","1,752","1,791","2,152","2,111","2,043","1,594","1,492","1,570","1,827","1,860","1,653","1,362","1,436","1,924","1,953","1,926","1,775","1,577"
08/05,May,"1,798","1,366","1,407","1,496","1,595","1,927","1,927","1,934","1,747","2,093","2,135","2,024","2,130","1,801","1,739","2,071","2,093","1,958","1,861","1,438","1,514","1,864","1,757","1,691","1,706","1,587","1,904","1,926","1,870","1,516"
09/05,May,"1,801","1,755","1,698","1,427","1,524","1,926","1,931","1,905","2,044","1,668","1,986","1,997","2,122","2,086","1,681","1,771","2,094","1,988","1,949","1,765","1,425","1,867","1,720","1,789","1,753","1,457","1,626","1,854","1,898","1,765"
10/05,May,"1,812","1,765","1,723","1,782","1,418","1,879","1,901","1,977","2,024","1,700","1,742","2,034","2,166","2,085","2,017","1,646","1,862","1,989","1,999","1,883","1,746","1,510","1,771","1,824","1,791","1,776","1,423","1,548","1,791","1,927"
11/05,May,"1,358","1,774","1,798","1,732","1,736","1,601","1,963","1,990","2,047","1,966","1,629","1,655","2,102","2,104","1,965","1,992","1,721","2,007","1,985","1,799","1,810","1,386","1,467","1,832","1,737","1,877","1,831","1,476","1,566","1,992"
12/05,May,"1,359","1,729","1,740","1,857","1,713","1,498","1,580","2,035","2,077","2,023","1,898","1,607","1,767","2,103","2,093","1,995","2,081","1,693","1,931","1,889","1,776","1,744","1,345","1,479","1,800","1,855","1,818","1,857","1,435","1,932"
13/05,May,"1,716","1,375","1,729","1,727","1,775","1,862","1,590","1,662","2,050","1,943","1,959","1,909","1,690","2,123","2,003","1,960","2,067","1,599","1,663","1,741","1,786","1,852","1,590","1,399","1,447","1,897","1,829","1,859","1,655","1,641"
14/05,May,"1,701","1,396","1,451","1,771","1,781","1,808","1,879","1,649","1,747","2,065","1,963","2,003","2,089","1,781","2,030","1,948","2,033","1,961","1,541","1,558","1,874","1,853","1,736","1,720","1,442","1,909","1,906","1,908","1,896","1,526"
15/05,May,"1,781","1,737","1,362","1,425","1,831","1,843","1,989","1,893","1,635","2,094","2,076","2,003","2,145","1,674","1,744","1,972","2,051","2,007","1,848","1,464","1,559","1,847","1,824","1,723","1,755","1,563","1,931","1,954","1,846","1,808"
16/05,May,"1,846","1,666","1,752","1,463","1,486","1,862","1,910","1,908","1,943","1,785","2,029","2,064","2,072","2,009","1,664","1,702","2,017","2,003","1,959","1,806","1,440","1,773","1,723","1,787","1,775","1,457","1,597","1,910","1,849","1,878"
17/05,May,"1,783","1,775","1,802","1,723","1,398","1,894","1,980","1,917","2,046","1,717","1,762","2,012","2,182","2,106","1,948","1,683","1,759","2,023","1,895","1,798","1,736","1,549","1,806","1,802","1,770","1,713","1,478","1,698","1,823","1,916"
18/05,May,"1,393","1,800","1,755","1,765","1,788","1,627","1,922","1,983","2,005","1,957","1,683","1,713","2,205","2,105","2,027","1,988","1,710","1,955","1,971","1,825","1,819","1,459","1,451","1,775","1,760","1,864","1,757","1,587","1,586","1,983"
19/05,May,"1,409","1,724","1,849","1,756","1,790","1,518","1,658","1,999","2,040","2,008","1,987","1,593","1,837","2,134","2,028","2,052","2,028","1,771","1,914","1,805","1,919","1,739","1,298","1,454","1,822","1,816","1,787","1,821","1,488","1,971"
20/05,May,"1,693","1,411","1,832","1,810","1,867","1,807","1,599","1,753","2,019","2,040","1,902","1,893","1,682","2,112","2,007","2,006","2,049","1,612","1,637","1,904","1,858","1,765","1,680","1,370","1,487","1,959","1,831","1,872","1,801","1,701"
21/05,May,"1,721","1,403","1,394","1,789","1,879","1,877","1,862","1,666","1,799","2,134","2,056","2,000","2,020","1,817","2,144","2,065","2,034","1,930","1,592","1,592","1,835","1,842","1,699","1,615","1,363","1,847","1,884","1,908","1,860","1,526"
22/05,May,"1,794","1,775","1,407","1,472","1,830","1,942","1,963","1,947","1,664","2,121","2,105","2,034","2,123","1,672","1,744","2,146","2,073","2,022","1,866","1,497","1,479","1,857","1,783","1,832","1,714","1,569","1,860","1,962","1,907","1,849"
23/05,May,"1,796","1,722","1,739","1,436","1,511","1,946","1,904","1,982","1,938","1,740","2,070","1,995","2,092","2,055","1,782","1,807","2,154","2,084","1,903","1,831","1,381","1,902","1,697","1,807","1,773","1,444","1,563","1,919","1,899","2,037"
24/05,May,"1,796","1,744","1,720","1,741","1,476","1,935","1,969","2,008","1,989","1,702","1,748","2,035","2,201","2,060","2,031","1,663","1,814","2,076","1,948","1,839","1,729","1,474","1,715","1,859","1,838","1,760","1,392","1,640","1,951","1,986"
25/05,May,"1,305","1,799","1,818","1,735","1,451","1,582","1,910","2,118","2,026","1,684","1,604","1,710","2,160","2,023","2,065","1,687","1,670","2,087","1,980","1,864","1,806","1,473","1,480","1,734","1,866","1,886","1,432","1,418","1,673","2,080"
26/05,May,"1,322","1,779","1,781","1,813","1,817","1,533","1,695","2,007","2,124","1,985","1,643","1,670","1,847","2,181","2,049","1,983","1,657","1,765","2,048","1,902","1,924","1,400","1,336","1,528","1,819","1,881","1,719","1,476","1,456","2,041"
27/05,May,"1,439","1,413","1,734","1,755","1,857","1,569","1,517","1,697","2,074","2,061","1,966","1,665","1,810","2,105","2,103","1,984","2,031","1,612","1,726","1,986","1,899","1,817","1,670","1,379","1,516","1,986","1,861","1,771","1,454","1,722"
28/05,May,"1,731","1,409","1,471","1,804","1,820","1,860","1,675","1,686","1,684","2,149","2,050","1,956","2,082","1,851","2,108","2,053","2,108","1,662","1,598","1,626","1,871","1,844","1,723","1,400","1,366","2,021","1,793","1,961","1,725","1,565"
29/05,May,"1,703","1,307","1,413","1,464","1,836","1,918","1,905","1,582","1,738","2,121","1,986","1,999","2,121","1,758","1,734","2,075","2,046","1,934","1,569","1,503","1,580","1,800","1,773","1,644","1,491","1,578","1,836","1,973","1,816","1,538"
30/05,May,"1,724","1,754","1,789","1,438","1,552","1,894","1,958","1,959","1,630","1,841","2,085","2,100","2,112","1,751","1,634","1,684","2,075","2,086","1,850","1,464","1,463","1,935","1,724","1,856","1,580","1,475","1,615","2,017","1,902","1,760"
31/05,May,"1,744","1,780","1,826","1,440","1,470","1,883","1,975","2,010","2,012","1,689","1,720","2,098","2,205","2,004","1,639","1,711","1,729","2,080","1,909","1,807","1,523","1,524","1,766","1,843","1,837","1,482","1,424","1,660","1,914","1,935"
01/06,June,"1,372","1,732","1,925","1,829","1,750","1,555","2,056","2,070","2,074","1,978","1,641","1,763","2,174","2,098","2,015","2,025","1,746","2,043","1,976","1,922","1,841","1,447","1,530","1,777","1,859","1,739","1,754","1,503","1,642","1,922"
02/06,June,"1,359","1,757","1,481","1,849","1,768","1,576","1,683","2,002","2,097","2,034","1,984","1,598","1,828","2,166","2,064","2,022","1,867","1,778","1,927","1,847","1,892","1,828","1,385","1,481","1,778","1,902","1,787","1,780","1,482","1,977"
03/06,June,"1,734","1,366","1,486","1,873","1,815","1,863","1,568","1,620","2,108","2,067","2,039","1,986","1,727","2,110","2,140","1,984","1,964","1,696","1,653","1,933","1,912","1,778","1,394","1,333","1,534","1,865","1,878","1,929","1,856","1,637"
04/06,June,"1,672","1,373","1,377","1,863","1,828","1,929","1,880","1,595","1,738","2,152","1,949","1,949","1,735","1,835","2,160","2,042","2,024","1,922","1,633","1,570","1,889","1,812","1,389","1,675","1,381","1,891","1,835","1,895","1,888","1,479"
05/06,June,"1,656","1,684","1,398","1,449","1,842","1,915","1,867","1,952","1,659","2,143","2,083","2,002","1,757","1,731","1,809","2,020","2,097","1,964","1,907","1,565","1,608","1,801","1,707","1,755","1,691","1,641","1,866","1,976","1,923","1,780"
06/06,June,"1,748","1,695","1,749","1,491","1,520","1,978","1,867","1,926","1,967","1,715","2,034","2,042","2,130","2,070","1,711","1,671","2,064","2,014","1,826","1,793","1,475","1,761","1,781","1,694","1,752","1,456","1,537","1,963","1,998","1,951"
07/06,June,"1,718","1,741","1,810","1,801","1,462","1,879","1,983","1,995","1,981","1,701","1,751","2,013","2,176","2,102","1,968","1,618","1,695","1,971","1,982","1,875","1,778","1,528","1,791","1,771","1,748","1,782","1,428","1,596","2,010","1,883"
08/06,June,"1,352","1,761","1,839","1,802","1,745","1,585","1,920","1,980","2,023","1,992","1,693","1,694","2,243","2,100","1,995","1,979","1,709","1,971","1,968","1,814","1,862","1,334","1,510","1,805","1,748","1,870","1,720","1,464","1,684","1,880"
09/06,June,"1,324","1,779","1,816","1,851","1,812","1,541","1,662","1,927","2,012","2,057","1,873","1,623","1,774","2,226","2,080","2,052","2,057","1,692","2,080","1,864","1,845","1,739","1,379","1,452","1,805","1,873","1,789","1,725","1,492","1,931"
10/06,June,"1,651","1,397","1,794","1,858","1,795","1,837","1,555","1,632","2,052","2,060","1,964","1,953","1,712","2,140","2,137","2,008","2,152","1,578","1,729","1,885","1,850","1,844","1,655","1,419","1,491","1,890","1,874","1,842","1,847","1,611"
11/06,June,"1,697","1,388","1,344","1,873","1,824","1,924","1,901","1,617","1,739","2,144","2,038","1,971","2,053","1,800","2,092","2,110","2,083","1,939","1,662","1,584","1,843","1,852","1,791","1,669","1,340","1,879","1,920","1,921","1,893","1,590"
12/06,June,"1,740","1,707","1,419","1,511","1,771","1,946","1,900","1,948","1,670","2,038","2,053","2,037","2,079","1,728","1,795","2,123","1,978","1,991","1,972","1,511","1,592","1,884","1,682","1,706","1,691","1,594","1,835","2,003","1,841","1,813"
13/06,June,"1,756","1,783","1,768","1,447","1,501","2,029","1,857","1,945","1,992","1,750","1,988","2,076","2,031","2,072","1,686","1,732","1,913","1,962","1,945","1,816","1,493","1,726","1,671","1,660","1,743","1,501","1,593","1,852","1,868","1,896"
14/06,June,"1,706","1,767","1,805","1,764","1,566","1,907","1,936","2,007","1,952","1,722","1,700","1,922","2,255","2,113","1,944","1,739","1,746","1,969","1,893","1,900","1,810","1,561","1,742","1,763","1,799","1,857","1,454","1,654","1,870","1,926"
15/06,June,"1,380","1,773","1,828","1,739","1,795","1,581","1,956","2,044","2,073","1,939","1,638","1,679","2,181","2,162","2,055","2,000","1,692","2,006","1,924","1,862","1,857","1,473","1,555","1,780","1,737","1,833","1,789","1,437","1,671","1,961"
16/06,June,"1,315","1,795","1,775","1,851","1,832","1,494","1,595","1,975","2,036","2,061","1,898","1,688","1,792","2,136","1,968","1,992","2,072","1,733","2,016","1,995","1,915","1,817","1,407","1,534","1,850","1,819","1,883","1,784","1,562","2,054"
17/06,June,"1,659","1,355","1,768","1,905","1,743","1,841","1,564","1,648","2,040","2,020","2,011","2,033","1,660","2,070","2,075","2,097","2,015","1,629","1,711","1,963","1,897","1,792","1,719","1,349","1,455","1,983","1,846","1,896","1,784","1,633"
18/06,June,"1,758","1,404","1,439","1,811","1,802","1,918","1,904","1,671","1,715","2,065","2,022","1,979","2,039","1,762","2,012","2,014","2,043","1,946","1,644","1,659","1,895","1,899","1,806","1,653","1,444","1,870","1,930","1,928","1,813","1,518"
19/06,June,"1,648","1,725","1,377","1,472","1,767","1,890","1,904","2,026","1,709","1,957","2,031","2,038","2,066","1,745","1,775","2,012","2,049","1,983","1,957","1,648","1,582","1,788","1,787","1,745","1,747","1,592","1,997","2,004","1,907","1,924"
20/06,June,"1,743","1,722","1,698","1,476","1,539","1,953","1,961","1,988","1,990","1,713","1,970","2,023","2,152","2,089","1,809","1,706","2,131","1,947","1,921","1,836","1,513","1,842","1,805","1,766","1,827","1,435","1,726","1,871","1,976","2,053"
21/06,June,"1,705","1,775","1,725","1,791","1,503","1,883","1,954","1,970","2,073","1,695","1,697","2,065","2,055","2,133","1,996","1,715","1,794","2,022","1,983","1,917","1,781","1,480","1,728","1,790","1,734","1,774","1,520","1,657","1,906","2,057"
22/06,June,"1,336","1,736","1,780","1,807","1,749","1,598","1,919","2,034","2,039","1,985","1,689","1,712","2,155","2,186","2,131","2,005","1,705","2,018","1,922","1,874","1,838","1,482","1,483","1,822","1,666","1,813","1,735","1,549","1,583","2,046"
23/06,June,"1,332","1,792","1,784","1,879","1,779","1,554","1,631","1,977","2,148","2,038","1,937","1,684","1,723","2,102","2,065","2,108","2,062","1,682","1,995","1,904","1,817","1,786","1,365","1,446","1,713","1,857","1,865","1,891","1,522","2,083"
24/06,June,"1,694","1,353","1,804","1,874","1,874","1,859","1,591","1,581","2,047","1,979","2,023","1,879","1,767","2,125","2,090","2,144","2,037","1,628","1,677","1,933","1,887","1,777","1,649","1,427","1,428","1,875","1,873","1,908","1,778","1,665"
25/06,June,"1,725","1,336","1,375","1,805","1,809","1,900","1,965","1,553","1,777","2,092","2,022","1,999","2,080","1,799","2,034","2,071","2,087","1,881","1,663","1,615","1,906","1,879","1,788","1,765","1,368","1,841","1,964","1,871","1,903","1,606"
26/06,June,"1,703","1,722","1,393","1,497","1,830","1,870","1,951","1,829","1,696","1,968","2,077","1,985","2,074","1,798","1,749","2,075","1,987","1,951","1,836","1,378","1,602","1,896","1,741","1,784","1,613","1,643","1,887","1,964","1,993","1,926"
27/06,June,"1,736","1,710","1,700","1,494","1,481","1,801","1,896","1,942","1,997","1,798","2,007","2,096","2,176","2,088","1,764","1,707","2,121","1,951","1,988","1,886","1,512","1,909","1,709","1,776","1,803","1,482","1,636","1,957","1,915","1,998"
28/06,June,"1,709","1,681","1,855","1,834","1,495","1,887","1,974","1,962","2,082","1,594","1,779","2,020","2,112","2,153","2,071","1,726","1,815","1,891","2,001","1,851","1,847","1,500","1,777","1,733","1,687","1,733","1,508","1,675","1,951","1,911"
29/06,June,"1,357","1,736","1,752","1,837","1,695","1,508","1,921","1,967","2,087","2,050","1,638","1,749","2,120","2,066","2,116","2,007","1,709","2,014","2,077","1,937","1,888","1,387","1,467","1,727","1,756","1,829","1,823","1,497","1,677","2,072"
30/06,June,"1,301","1,760","1,769","1,871","1,803","1,538","1,647","2,048","2,128","2,073","1,961","1,723","1,838","2,130","2,153","2,116","2,077","1,714","1,995","1,941","1,886","1,879","1,346","1,426","1,729","1,906","1,865","1,859","1,510","2,014"
01/07,July,"1,735","1,384","1,758","1,877","1,816","1,815","1,595","1,645","2,048","2,075","2,063","2,047","1,684","2,142","2,156","2,173","2,110","1,585","1,650","1,960","1,900","1,867","1,725","1,360","1,483","1,888","1,856","1,882","1,879","1,721"
02/07,July,"1,731","1,373","1,424","1,845","1,784","1,812","1,888","1,639","1,717","2,150","2,116","1,999","2,059","1,816","2,159","2,107","2,118","2,016","1,672","1,622","1,914","1,899","1,735","1,777","1,410","1,888","1,940","1,881","2,032","1,541"
03/07,July,"1,701","1,736","1,396","1,537","1,799","1,912","1,951","1,935","1,693","1,984","2,058","2,042","2,085","1,761","1,767","2,128","2,101","1,972","1,930","1,479","1,588","1,876","1,843","1,788","1,701","1,644","1,945","2,015","1,938","1,819"
04/07,July,"1,794","1,744","1,734","1,507","1,473","1,991","1,886","2,000","2,005","1,761","2,030","2,080","2,122","2,027","1,779","1,754","2,151","1,991","2,004","1,846","1,521","1,867","1,867","1,845","1,819","1,503","1,658","1,879","1,969","1,935"
05/07,July,"1,737","1,732","1,710","1,841","1,458","1,983","2,046","2,043","2,093","1,687","1,721","2,120","2,113","2,159","1,901","1,587","1,805","2,018","2,016","1,881","1,799","1,612","1,774","1,768","1,736","1,789","1,431","1,607","1,942","1,963"
06/07,July,"1,422","1,794","1,743","1,876","1,731","1,584","1,958","2,062","2,160","1,995","1,689","1,809","2,173","2,079","2,083","2,024","1,674","2,031","1,986","1,885","1,781","1,471","1,440","1,771","1,759","1,850","1,822","1,468","1,702","1,944"
07/07,July,"1,388","1,792","1,836","1,908","1,766","1,610","1,615","2,059","2,197","2,066","2,023","1,712","1,820","2,162","1,991","2,037","1,972","1,732","1,989","1,980","1,858","1,876","1,406","1,427","1,827","1,832","1,878","1,864","1,646","1,909"
08/07,July,"1,683","1,481","1,830","1,933","1,715","1,865","1,611","1,674","2,151","2,134","2,006","2,002","1,731","2,098","2,128","2,001","2,055","1,630","1,673","2,058","1,910","1,866","1,748","1,393","1,526","1,834","1,909","1,930","1,884","1,714"
09/07,July,"1,767","1,404","1,411","1,829","1,846","1,890","1,886","1,658","1,807","2,153","2,007","1,989","2,079","1,841","2,118","2,055","2,050","2,009","1,562","1,722","1,938","1,924","1,710","1,658","1,381","1,885","1,907","1,941","1,854","1,544"
10/07,July,"1,727","1,771","1,406","1,531","1,787","1,940","2,022","2,045","1,734","2,023","2,089","2,104","2,031","1,775","1,851","2,059","2,090","2,047","1,835","1,632","1,584","1,963","1,789","1,707","1,740","1,543","1,973","2,010","2,033","1,900"
11/07,July,"1,758","1,747","1,821","1,537","1,501","1,873","1,901","2,006","2,115","1,830","1,992","2,039","2,080","2,062","1,715","1,744","2,102","2,105","1,908","1,963","1,543","1,897","1,792","1,748","1,826","1,465","1,620","1,963","1,961","1,988"
12/07,July,"1,776","1,809","1,893","1,822","1,471","1,971","1,989","2,027","2,154","1,712","1,685","2,056","2,126","2,205","1,970","1,660","1,735","2,062","1,903","2,024","1,883","1,563","1,717","1,722","1,789","1,817","1,553","1,699","1,989","2,023"
13/07,July,"1,336","1,837","1,880","1,857","1,777","1,566","1,866","1,985","2,109","2,061","1,692","1,755","2,009","2,150","2,080","2,034","1,711","2,020","1,915","1,959","1,812","1,472","1,558","1,644","1,794","1,844","1,733","1,516","1,644","1,937"
14/07,July,"1,318","1,790","1,792","1,949","1,837","1,547","1,585","1,993","2,153","2,082","1,954","1,772","1,821","2,172","2,153","2,036","1,981","1,780","1,978","1,954","1,920","1,897","1,374","1,461","1,863","1,815","1,868","1,828","1,600","2,044"
15/07,July,"1,691","1,389","1,785","1,928","1,754","1,767","1,590","1,625","2,091","2,142","1,995","1,989","1,747","2,185","2,123","2,122","2,140","1,714","1,613","1,987","1,918","1,942","1,716","1,324","1,505","1,814","1,918","1,954","1,891","1,634"
16/07,July,"1,703","1,384","1,401","1,949","1,833","1,848","1,952","1,669","1,755","2,150","2,003","2,110","1,996","1,900","2,088","2,107","2,181","2,049","1,592","1,599","1,879","1,923","1,822","1,660","1,407","1,920","1,922","1,915","1,888","1,509"
17/07,July,"1,801","1,772","1,451","1,513","1,866","1,989","1,905","1,971","1,690","2,052","2,097","2,106","2,073","1,838","1,816","2,130","2,028","2,109","1,937","1,551","1,610","1,956","1,750","1,774","1,785","1,632","1,941","1,909","1,920","1,836"
18/07,July,"1,758","1,797","1,809","1,503","1,510","1,873","1,862","1,989","1,976","1,719","2,051","2,117","2,173","2,127","1,726","1,816","2,106","2,104","2,072","1,914","1,570","1,894","1,762","1,763","1,822","1,413","1,597","1,885","1,985","1,956"
19/07,July,"1,754","1,844","1,861","1,899","1,481","1,892","1,973","2,034","2,105","1,653","1,814","2,110","2,101","2,192","2,094","1,760","1,763","1,989","2,067","1,787","1,815","1,537","1,744","1,756","1,792","1,824","1,506","1,622","1,955","1,977"
20/07,July,"1,384","1,702","1,806","1,909","1,715","1,542","1,932","1,995","2,128","2,053","1,656","1,745","2,086","2,122","2,107","2,006","1,680","2,050","2,002","1,883","1,896","1,461","1,475","1,775","1,866","1,901","1,759","1,532","1,658","1,917"
21/07,July,"1,358","1,611","1,834","1,965","1,838","1,559","1,583","2,047","2,114","2,065","1,963","1,677","1,835","2,131","2,110","2,088","1,978","1,786","2,065","1,909","1,868","1,862","1,322","1,522","1,857","1,839","1,898","1,871","1,590","1,962"
22/07,July,"1,705","1,365","1,738","1,916","1,789","1,853","1,536","1,695","2,094","2,102","2,066","2,053","1,720","2,124","2,163","2,144","2,073","1,621","1,709","1,856","1,874","1,810","1,675","1,395","1,596","1,806","1,942","1,908","1,915","1,639"
23/07,July,"1,707","1,387","1,468","1,923","1,784","1,902","1,887","1,652","1,782","2,057","2,106","2,130","2,073","1,802","2,172","2,135","2,102","1,965","1,612","1,630","1,895","1,876","1,761","1,676","1,387","1,922","1,989","1,938","2,135","1,497"
24/07,July,"1,762","1,787","1,424","1,535","1,846","1,979","1,924","1,981","1,723","2,144","2,168","2,111","2,175","1,788","1,808","2,158","2,176","2,000","1,901","1,531","1,645","1,832","1,843","1,813","1,683","1,578","1,935","1,925","1,907","1,790"
25/07,July,"1,806","1,747","1,749","1,554","1,505","2,010","1,923","2,028","2,009","1,693","2,052","2,108","2,165","2,021","1,771","1,825","2,144","2,056","1,907","1,862","1,489","1,829","1,774","1,779","1,926","1,506","1,739","1,875","1,923","1,951"
26/07,July,"1,809","1,745","1,801","1,830","1,499","2,013","1,953","1,966","1,974","1,675","1,672","2,057","2,166","2,176","2,069","1,752","1,801","2,063","1,935","1,906","1,801","1,607","1,773","1,801","1,866","1,713","1,553","1,610","2,021","1,910"
27/07,July,"1,302","1,782","1,790","1,948","1,802","1,537","1,973","2,048","2,072","2,033","1,671","1,801","2,146","2,100","2,116","1,908","1,806","2,160","2,003","1,915","1,872","1,483","1,483","1,842","1,846","1,818","1,805","1,479","1,694","2,018"
28/07,July,"1,354","1,724","1,811","1,907","1,865","1,628","1,659","2,005","2,089","2,040","1,941","1,758","1,784","2,209","2,104","2,115","1,983","1,825","1,966","2,019","1,886","1,760","1,410","1,540","1,891","1,805","1,890","1,795","1,481","1,991"
29/07,July,"1,787","1,370","1,810","1,887","1,894","1,841","1,606","1,746","2,084","2,006","2,045","1,931","1,688","2,198","2,099","2,068","2,075","1,678","1,676","1,956","1,947","1,911","1,692","1,435","1,583","1,928","1,920","1,881","1,740","1,709"
30/07,July,"1,727","1,318","1,432","1,837","1,941","1,925","1,833","1,649","1,800","2,065","2,055","2,014","2,010","1,839","2,108","2,092","2,035","1,938","1,507","1,650","1,999","1,850","1,786","1,660","1,422","1,901","2,005","1,897","1,966","1,481"
31/07,July,"1,757","1,731","1,438","1,533","1,832","1,923","1,934","1,926","1,678","2,063","2,036","2,079","2,049","1,801","1,841","2,011","2,085","2,097","1,901","1,606","1,704","1,842","1,718","1,744","1,721","1,607","1,949","1,908","1,864","1,782"
01/08,August,"1,796","1,761","1,769","1,548","1,511","1,973","1,855","1,935","1,950","1,758","2,070","2,102","2,057","2,067","1,730","1,727","2,098","1,980","1,949","1,797","1,544","1,886","1,737","1,722","1,824","1,423","1,643","1,937","1,945","1,998"
02/08,August,"1,777","1,767","1,825","1,839","1,559","1,864","1,952","2,027","2,090","1,699","1,727","2,062","2,148","2,189","2,050","1,664","1,766","2,021","1,885","1,958","1,790","1,502","1,737","1,693","1,808","1,801","1,529","1,596","1,938","1,953"
03/08,August,"1,346","1,801","1,753","1,920","1,711","1,520","1,965","2,015","1,988","1,939","1,731","1,797","2,121","2,079","2,097","2,013","1,761","2,145","1,905","1,899","1,913","1,477","1,509","1,716","1,743","1,901","1,752","1,509","1,640","2,040"
04/08,August,"1,345","1,740","1,772","1,807","1,800","1,559","1,623","2,062","2,082","2,069","1,943","1,689","1,878","2,126","1,957","2,156","2,002","1,816","1,984","1,969","1,831","1,841","1,399","1,429","1,825","1,766","1,995","1,761","1,506","1,916"
05/08,August,"1,710","1,381","1,736","1,849","1,782","1,870","1,565","1,686","2,059","2,005","2,091","2,035","1,706","2,139","2,084","1,984","2,096","1,685","1,698","1,997","1,838","2,001","1,686","1,312","1,565","1,841","1,827","1,885","1,947","1,633"
06/08,August,"1,800","1,373","1,511","1,836","1,848","1,950","1,868","1,592","1,672","2,121","1,900","2,043","1,998","1,856","2,012","2,131","1,972","2,069","1,547","1,684","1,957","1,892","1,781","1,656","1,423","1,894","1,937","1,885","2,044","1,473"
07/08,August,"1,766","1,706","1,432","1,521","1,733","1,878","1,973","1,899","1,626","2,005","2,017","1,939","2,050","1,726","1,794","2,098","2,073","2,023","1,936","1,495","1,549","1,868","1,732","1,725","1,736","1,545","2,041","1,938","1,931","1,725"
08/08,August,"1,804","1,766","1,778","1,534","1,557","1,917","1,943","2,018","1,924","1,848","2,065","2,068","2,090","2,082","1,719","1,736","2,191","2,075","1,961","1,894","1,602","1,900","1,798","1,733","1,795","1,438","1,687","2,003","1,932","1,888"
09/08,August,"1,755","1,762","1,833","1,849","1,461","1,962","1,963","1,981","2,006","1,740","1,676","2,131","2,160","2,181","2,020","1,746","1,715","2,064","1,977","1,906","1,848","1,532","1,749","1,773","1,804","1,731","1,539","1,683","1,889","1,911"
10/08,August,"1,359","1,786","1,775","1,907","1,775","1,683","1,879","2,065","1,955","1,950","1,700","1,770","2,182","2,090","2,110","2,062","1,660","2,058","1,973","1,967","1,824","1,511","1,510","1,789","1,864","1,753","1,834","1,493","1,722","1,894"
11/08,August,"1,350","1,736","1,833","1,899","1,797","1,586","1,629","2,000","2,047","2,028","1,938","1,705","1,789","2,106","2,059","2,090","2,015","1,828","1,977","1,951","2,001","1,818","1,322","1,555","1,752","1,804","1,943","1,880","1,468","1,969"
12/08,August,"1,785","1,370","1,794","1,940","1,827","1,826","1,538","1,638","2,086","2,039","2,018","2,079","1,808","2,099","2,143","2,072","2,142","1,696","1,653","1,989","1,907","1,837","1,672","1,377","1,593","1,873","1,920","1,935","1,796","1,725"
13/08,August,"1,737","1,307","1,426","1,796","1,815","1,791","1,860","1,608","1,697","2,000","1,974","1,985","2,013","1,825","2,004","1,993","2,008","1,972","1,546","1,635","1,797","1,830","1,700","1,618","1,463","1,794","1,851","1,891","1,952","1,470"
14/08,August,"1,750","1,695","1,414","1,550","1,747","1,918","1,914","1,969","1,627","2,035","2,085","2,081","2,135","1,677","1,857","2,061","2,110","2,034","1,887","1,536","1,564","1,702","1,862","1,817","1,749","1,519","1,814","1,865","1,942","1,767"
15/08,August,"1,771","1,711","1,744","1,521","1,498","1,877","1,930","1,948","1,967","1,672","2,046","2,130","2,176","2,046","1,718","1,745","2,104","2,076","2,023","1,915","1,535","1,793","1,797","1,777","1,716","1,371","1,614","1,920","1,926","1,928"
16/08,August,"1,745","1,742","1,749","1,861","1,425","1,945","1,903","2,077","1,968","1,600","1,712","2,030","2,151","2,064","1,964","1,689","1,778","2,135","2,002","1,957","1,745","1,530","1,775","1,848","1,758","1,737","1,422","1,577","1,903","1,914"
17/08,August,"1,361","1,762","1,825","1,830","1,763","1,555","1,907","2,044","1,936","1,946","1,619","1,737","2,090","2,024","2,054","1,907","1,742","2,103","2,031","1,959","1,779","1,482","1,539","1,737","1,813","1,838","1,694","1,485","1,637","2,023"
18/08,August,"1,386","1,705","1,777","1,912","1,760","1,576","1,598","2,026","2,025","2,089","1,932","1,618","1,901","2,066","2,077","2,065","2,035","1,736","1,977","2,008","1,866","1,788","1,423","1,424","1,763","1,887","1,890","1,788","1,553","1,926"
19/08,August,"1,673","1,313","1,798","1,862","1,752","1,796","1,583","1,713","2,056","2,059","1,948","1,935","1,731","2,070","2,166","2,046","2,049","1,620","1,687","1,987","1,890","1,771","1,694","1,328","1,446","1,901","1,828","1,932","1,871","1,719"
20/08,August,"1,752","1,347","1,401","1,847","1,772","1,834","1,964","1,626","1,675","2,119","2,084","2,085","2,020","1,790","2,051","2,108","2,088","2,013","1,624","1,648","1,873","1,799","1,752","1,664","1,415","1,901","1,879","1,857","2,014","1,530"
21/08,August,"1,740","1,701","1,421","1,527","1,814","1,912","1,959","1,888","1,620","2,066","2,117","1,961","2,045","1,754","1,781","2,011","2,074","2,098","1,976","1,537","1,535","1,883","1,737","1,841","1,726","1,528","1,911","1,971","1,938","1,794"
22/08,August,"1,796","1,746","1,800","1,542","1,400","1,904","1,973","1,950","1,973","1,717","2,000","2,079","2,032","2,055","1,680","1,635","2,149","2,089","1,975","1,989","1,502","1,809","1,804","1,730","1,780","1,393","1,629","1,935","1,906","1,953"
23/08,August,"1,744","1,824","1,776","1,784","1,418","1,890","1,989","2,022","2,020","1,693","1,746","2,024","2,202","2,099","1,985","1,651","1,723","2,095","2,001","1,986","1,732","1,572","1,797","1,788","1,762","1,690","1,420","1,581","1,923","1,857"
24/08,August,"1,336","1,601","1,808","1,818","1,695","1,589","1,951","2,025","2,017","1,944","1,660","1,780","2,102","2,088","2,113","2,000","1,692","2,125","2,011","1,926","1,785","1,507","1,432","1,827","1,773","1,832","1,768","1,492","1,593","1,860"
25/08,August,"1,428","1,512","1,896","1,896","1,751","1,554","1,650","1,977","2,031","1,984","1,574","1,654","1,883","2,055","2,019","2,019","1,716","1,810","1,997","2,039","1,819","1,394","1,390","1,462","1,838","1,841","1,821","1,518","1,340","1,850"
26/08,August,"1,380","1,365","1,773","1,895","1,783","1,602","1,601","1,710","2,032","2,004","2,037","1,693","1,688","2,168","2,111","1,997","1,947","1,597","1,738","1,987","1,908","1,762","1,395","1,448","1,466","1,909","1,831","1,755","1,532","1,623"
27/08,August,"1,778","1,301","1,380","1,854","1,778","1,875","1,533","1,674","1,725","2,044","2,077","2,029","1,715","1,826","2,086","2,010","2,023","1,659","1,685","1,655","1,930","1,864","1,570","1,262","1,327","1,893","1,923","1,867","1,689","1,390"
28/08,August,"1,791","1,343","1,386","1,506","1,758","1,906","1,917","1,638","1,641","2,054","2,045","1,999","2,010","1,740","1,754","2,063","2,049","1,994","1,697","1,562","1,587","1,891","1,835","1,588","1,371","1,564","1,987","1,942","1,922","1,443"
29/08,August,"1,774","1,763","1,420","1,464","1,503","1,818","1,900","1,994","1,595","1,745","2,087","2,128","2,087","1,681","1,720","1,724","2,111","2,081","1,942","1,557","1,528","1,848","1,739","1,711","1,556","1,416","1,647","1,919","1,962","1,635"
30/08,August,"1,722","1,744","1,774","1,491","1,502","1,887","1,942","1,945","2,025","1,683","1,751","2,089","1,968","1,987","1,638","1,623","1,789","2,124","2,079","1,869","1,524","1,577","1,789","1,825","1,709","1,459","1,431","1,549","1,965","1,908"
31/08,August,"1,312","1,741","1,744","1,882","1,367","1,542","1,892","2,024","2,003","1,604","1,695","1,781","2,059","2,051","2,045","1,669","1,729","2,107","2,044","1,972","1,767","1,444","1,460","1,783","1,759","1,678","1,430","1,496","1,630","1,864"
01/09,September,"1,344","1,681","1,834","1,860","1,781","1,502","1,641","2,079","2,097","2,006","2,049","1,636","1,811","2,132","2,023","1,976","1,957","1,800","2,026","1,984","1,889","1,640","1,349","1,445","1,798","1,839","1,769","1,702","1,462","1,905"
02/09,September,"1,765","1,346","1,867","1,916","1,792","1,807","1,581","1,724","2,091","2,102","2,001","2,007","1,727","2,167","2,143","2,020","2,050","1,696","1,728","1,935","1,929","1,771","1,640","1,297","1,505","1,901","1,925","1,802","1,847","1,592"
03/09,September,"1,754","1,339","1,480","1,926","1,881","1,871","1,932","1,667","1,710","2,050","2,059","2,042","2,106","1,880","2,161","2,090","2,038","1,960","1,622","1,618","1,966","1,868","1,711","1,668","1,355","1,907","1,990","1,800","1,924","1,409"
04/09,September,"1,717","1,689","1,428","1,516","1,875","1,871","1,892","1,922","1,609","2,068","2,194","2,037","2,153","1,696","1,811","2,045","2,058","1,990","1,951","1,629","1,598","1,870","1,714","1,771","1,609","1,519","1,873","1,989","1,874","1,752"
05/09,September,"1,852","1,689","1,766","1,575","1,480","1,937","1,989","1,970","2,032","1,747","2,081","2,180","2,119","1,985","1,728","1,813","2,089","2,063","1,961","1,917","1,579","1,844","1,770","1,698","1,711","1,485","1,609","1,949","1,952","1,970"
06/09,September,"1,871","1,770","1,768","1,818","1,535","1,842","2,019","2,027","2,078","1,747","1,821","2,071","2,233","2,089","2,041","1,631","1,788","2,119","1,980","1,896","1,796","1,551","1,807","1,733","1,638","1,736","1,467","1,561","2,001","1,913"
07/09,September,"1,418","1,743","1,845","1,922","1,806","1,570","1,992","2,042","1,969","1,974","1,718","1,810","2,187","2,092","2,129","2,021","1,691","2,100","2,038","1,945","1,787","1,493","1,582","1,839","1,767","1,783","1,810","1,415","1,701","1,979"
08/09,September,"1,407","1,723","1,822","1,932","1,777","1,546","1,647","2,017","2,121","2,008","2,050","1,722","1,866","2,119","2,198","2,026","2,051","1,774","2,053","2,041","1,906","1,804","1,370","1,504","1,748","1,805","1,871","1,843","1,539","1,989"
09/09,September,"1,785","1,357","1,826","1,979","1,863","1,915","1,596","1,741","2,156","1,970","2,153","2,040","1,867","2,062","2,106","2,138","2,029","1,762","1,808","2,016","1,902","1,881","1,747","1,358","1,569","1,843","1,945","1,845","1,887","1,597"
10/09,September,"1,784","1,378","1,488","1,968","1,782","1,926","1,925","1,712","1,834","2,130","2,096","2,055","2,147","1,826","2,134","2,034","1,986","2,035","1,626","1,742","1,894","1,891","1,764","1,750","1,356","1,899","1,947","1,862","1,900","1,518"
11/09,September,"1,830","1,679","1,489","1,538","1,810","1,942","1,965","2,004","1,701","2,049","2,134","2,088","2,088","1,659","1,912","2,114","2,110","2,093","2,001","1,587","1,667","1,874","1,824","1,719","1,736","1,537","1,959","1,871","1,988","1,813"
12/09,September,"1,849","1,746","1,827","1,553","1,477","1,937","1,918","2,045","1,962","1,800","2,084","2,102","2,186","2,079","1,761","1,736","2,088","2,126","2,086","1,781","1,576","1,898","1,830","1,777","1,833","1,466","1,619","1,984","1,984","1,902"
13/09,September,"1,757","1,734","1,837","1,917","1,474","1,943","2,023","2,058","2,104","1,660","1,830","2,069","2,202","2,025","2,007","1,706","1,842","2,085","2,090","1,891","1,762","1,508","1,790","1,772","1,736","1,781","1,517","1,662","1,911","1,917"
14/09,September,"1,442","1,797","1,778","1,942","1,856","1,651","1,967","2,096","2,119","2,103","1,794","1,774","2,251","2,080","2,198","1,951","1,787","2,193","2,080","1,973","1,961","1,596","1,554","1,910","1,808","1,802","1,767","1,480","1,660","1,976"
15/09,September,"1,457","1,793","1,800","1,968","1,904","1,611","1,651","2,087","2,175","2,127","2,085","1,751","1,985","2,182","2,116","2,052","2,094","1,838","2,084","1,977","1,937","1,918","1,385","1,573","1,745","1,854","1,916","1,803","1,602","1,909"
16/09,September,"1,855","1,381","1,855","1,956","1,879","1,883","1,670","1,741","2,071","2,138","2,146","2,062","1,807","2,128","2,257","2,024","2,047","1,784","1,806","1,974","1,869","1,928","1,849","1,432","1,522","1,846","1,948","1,914","1,934","1,691"
17/09,September,"1,813","1,460","1,478","2,002","1,909","1,897","1,993","1,722","1,750","2,119","2,116","2,093","2,170","1,829","2,230","2,094","2,122","2,080","1,682","1,760","1,929","1,974","1,817","1,758","1,422","1,953","1,954","1,891","2,012","1,530"
18/09,September,"1,854","1,769","1,548","1,610","1,887","1,901","2,007","2,087","1,706","2,090","2,196","2,210","2,274","1,761","1,877","2,157","2,136","2,163","2,100","1,552","1,662","1,952","1,883","1,798","1,678","1,468","2,005","2,007","2,073","1,912"
19/09,September,"1,866","1,649","1,767","1,578","1,524","2,037","2,059","2,050","2,136","1,835","2,218","2,245","2,256","2,044","1,855","1,848","2,239","2,128","2,105","1,863","1,577","1,994","1,894","1,832","1,801","1,420","1,649","1,982","1,961","2,006"
20/09,September,"1,853","1,720","1,828","1,986","1,608","1,970","2,063","2,096","2,166","1,766","1,831","2,133","2,316","2,175","2,136","1,793","1,790","2,195","2,004","1,894","1,935","1,655","1,899","1,926","1,795","1,773","1,539","1,555","2,066","2,036"
21/09,September,"1,474","1,853","1,889","1,949","1,893","1,657","2,020","2,128","2,078","2,112","1,724","1,800","2,256","2,111","2,278","2,046","1,812","2,120","2,145","2,034","2,013","1,546","1,578","1,858","1,823","1,931","1,870","1,462","1,836","2,016"
22/09,September,"1,472","1,816","1,937","1,967","1,897","1,643","1,694","2,085","2,202","2,122","2,099","1,712","1,984","2,212","2,283","2,173","2,049","1,826","2,205","1,973","1,948","1,886","1,593","1,533","1,776","1,887","1,960","1,852","1,675","2,010"
23/09,September,"1,829","1,395","1,821","2,055","1,916","1,941","1,704","1,770","2,200","2,144","2,221","2,102","1,831","2,163","2,330","2,143","2,091","1,751","1,876","2,078","2,048","1,883","1,879","1,430","1,537","1,913","2,051","1,958","1,978","1,710"
24/09,September,"1,842","1,468","1,436","1,938","1,935","1,982","1,898","1,701","1,815","2,156","2,118","2,199","2,223","1,885","2,316","2,205","2,152","2,138","1,692","1,731","2,053","1,915","1,908","1,770","1,460","1,806","2,075","1,880","2,057","1,583"
25/09,September,"1,837","1,775","1,481","1,599","1,900","2,036","1,888","2,135","1,719","2,201","2,240","2,113","2,277","1,763","1,971","2,189","2,151","2,161","2,054","1,599","1,782","2,013","1,969","1,815","1,786","1,586","2,036","1,881","2,040","1,877"
26/09,September,"1,827","1,771","1,767","1,537","1,615","2,026","2,052","2,057","2,048","1,837","2,234","2,230","2,285","2,053","1,964","1,846","2,132","2,160","2,078","2,042","1,636","1,942","1,902","1,811","1,814","1,520","1,815","1,922","2,108","1,976"
27/09,September,"1,784","1,835","1,827","1,958","1,520","2,032","2,068","2,011","2,139","1,854","1,868","2,210","2,383","2,178","2,253","1,794","1,845","2,147","2,133","1,931","1,960","1,693","1,915","1,956","1,768","1,860","1,572","1,615","2,098","1,965"
28/09,September,"1,389","1,909","1,891","1,969","1,821","1,644","2,022","2,090","2,107","2,036","1,812","1,847","2,267","2,200","2,259","2,098","1,797","2,173","2,131","2,003","2,035","1,485","1,651","1,841","1,842","1,830","1,913","1,502","1,775","2,035"
29/09,September,"1,406","1,906","1,856","1,906","1,890","1,635","1,643","2,075","2,131","2,109","2,072","1,834","1,866","2,246","2,233","2,198","2,068","1,940","2,056","1,981","1,984","1,857","1,469","1,636","1,919","1,876","1,964","1,775","1,655","2,055"
30/09,September,"1,786","1,430","1,944","1,956","1,792","2,009","1,626","1,801","2,126","2,113","2,153","2,115","1,826","2,237","2,276","2,169","2,140","1,889","1,864","2,049","1,976","1,994","1,890","1,470","1,586","1,850","2,007","1,909","1,887","1,760"
01/10,October,"1,782","1,443","1,491","1,904","1,962","1,992","1,877","1,766","1,721","2,182","2,143","2,164","2,233","1,890","2,291","2,242","2,169","2,124","1,658","1,791","1,993","1,817","1,883","1,763","1,422","1,855","2,008","1,895","2,057","1,613"
02/10,October,"1,795","1,638","1,495","1,628","1,910","2,064","1,991","2,022","1,660","2,185","2,119","2,107","2,272","1,815","2,005","2,217","2,083","2,094","2,023","1,563","1,717","1,912","1,918","1,871","1,807","1,554","1,925","1,903","2,007","1,889"
03/10,October,"1,841","1,747","1,830","1,574","1,562","1,933","1,970","2,052","1,992","1,744","2,042","2,177","2,183","2,152","1,904","1,858","2,138","2,126","2,037","1,864","1,652","1,964","1,865","1,862","1,733","1,365","1,624","1,916","1,995","1,982"
04/10,October,"1,773","1,670","1,841","1,924","1,550","1,873","2,015","2,034","2,096","1,738","1,888","2,083","2,322","2,140","2,150","1,807","1,756","2,104","2,025","1,992","1,879","1,649","1,910","1,849","1,735","1,686","1,556","1,573","2,015","1,978"
05/10,October,"1,331","1,865","1,794","1,935","1,853","1,583","1,909","2,079","1,958","2,114","1,659","1,775","2,272","2,065","2,211","2,075","1,783","2,189","2,134","1,919","1,911","1,515","1,561","1,860","1,851","1,782","1,822","1,446","1,703","2,016"
06/10,October,"1,428","1,848","1,852","1,912","1,857","1,587","1,677","2,055","2,154","2,071","2,136","1,689","1,878","2,112","2,216","2,094","1,967","1,873","1,999","2,003","1,907","1,800","1,435","1,568","1,785","1,759","1,880","1,766","1,586","1,982"
07/10,October,"1,705","1,440","1,817","2,011","1,817","1,869","1,616","1,740","2,054","2,121","2,130","1,989","1,835","2,086","2,265","2,081","2,092","1,769","1,831","2,030","1,889","1,859","1,713","1,399","1,483","1,800","1,820","1,884","1,819","1,696"
08/10,October,"1,788","1,374","1,447","1,919","1,855","1,871","1,896","1,682","1,768","2,107","2,036","2,130","2,017","1,829","2,219","2,046","2,042","1,981","1,671","1,646","1,964","1,846","1,724","1,753","1,419","1,767","1,822","1,881","1,937","1,496"
09/10,October,"1,716","1,750","1,441","1,538","1,813","1,911","1,943","1,981","1,654","2,077","2,080","1,995","2,217","1,724","1,969","2,084","2,110","1,989","2,010","1,523","1,632","1,958","1,842","1,777","1,675","1,520","1,922","1,886","1,904","1,898"
10/10,October,"1,781","1,760","1,823","1,503","1,487","1,952","1,927","1,926","1,968","1,715","2,226","2,055","2,114","2,074","1,880","1,798","2,116","2,082","1,998","1,907","1,480","1,830","1,871","1,854","1,753","1,389","1,620","1,875","1,912","1,883"
11/10,October,"1,832","1,769","1,786","1,910","1,524","1,864","1,939","2,000","1,957","1,652","1,747","2,004","2,205","2,101","2,183","1,734","1,712","2,018","2,000","1,894","1,888","1,619","1,754","1,742","1,840","1,692","1,423","1,551","1,919","1,933"
12/10,October,"1,399","1,768","1,840","1,906","1,800","1,548","2,005","2,045","2,043","1,957","1,727","1,770","2,158","2,125","2,164","1,979","1,655","2,026","2,011","2,028","1,855","1,441","1,617","1,823","1,889","1,716","1,741","1,373","1,682","1,952"
13/10,October,"1,366","1,736","1,858","1,933","1,753","1,509","1,599","1,932","2,029","1,996","1,937","1,628","1,810","2,054","2,149","1,990","1,931","1,737","1,965","1,912","1,880","1,741","1,434","1,421","1,700","1,727","1,769","1,669","1,509","1,856"
14/10,October,"1,770","1,366","1,830","1,910","1,775","1,830","1,557","1,713","1,954","1,970","2,128","1,984","1,734","2,063","2,212","2,159","2,061","1,584","1,674","1,929","1,897","1,762","1,732","1,354","1,443","1,821","1,843","1,781","1,900","1,564"
15/10,October,"1,775","1,347","1,471","1,915","1,826","1,877","1,817","1,639","1,734","2,074","2,071","1,962","2,119","1,829","2,244","2,120","1,934","1,897","1,564","1,590","1,908","1,860","1,803","1,684","1,322","1,765","1,850","1,805","1,910","1,474"
16/10,October,"1,737","1,744","1,432","1,575","1,757","1,878","1,869","1,913","1,598","2,116","2,113","1,935","2,015","1,767","1,869","2,077","2,015","2,044","1,852","1,499","1,597","1,787","1,809","1,733","1,649","1,496","1,860","1,845","1,885","1,707"
17/10,October,"1,774","1,730","1,784","1,513","1,467","1,909","1,910","1,883","1,961","1,719","2,045","2,163","2,075","2,009","1,804","1,689","2,039","1,992","1,915","1,827","1,507","1,846","1,759","1,723","1,708","1,359","1,481","1,773","1,889","1,784"
18/10,October,"1,725","1,833","1,824","1,889","1,518","1,888","1,910","1,976","1,973","1,664","1,772","2,098","2,190","2,065","2,152","1,613","1,675","2,009","1,974","1,941","1,808","1,550","1,776","1,805","1,770","1,727","1,403","1,528","1,887","1,858"
19/10,October,"1,370","1,821","1,843","1,961","1,738","1,525","1,925","1,976","2,025","1,936","1,779","1,773","2,090","2,047","2,090","1,973","1,575","1,978","2,003","1,878","1,793","1,478","1,438","1,792","1,694","1,723","1,696","1,383","1,630","1,887"
20/10,October,"1,327","1,810","1,879","1,906","1,814","1,525","1,601","1,983","1,987","2,092","2,000","1,683","1,785","2,110","2,173","2,024","1,963","1,711","1,993","1,879","1,842","1,782","1,292","1,447","1,745","1,698","1,773","1,687","1,415","1,802"
21/10,October,"1,725","1,328","1,797","1,946","1,805","1,772","1,570","1,731","2,021","1,999","1,985","1,931","1,680","2,121","2,229","2,105","1,977","1,619","1,678","1,932","1,923","1,773","1,713","1,320","1,437","1,791","1,860","1,716","1,769","1,613"
22/10,October,"1,738","1,380","1,452","1,917","1,886","1,829","1,801","1,558","1,590","2,066","2,013","1,956","1,988","1,799","2,164","2,065","1,984","1,895","1,571","1,696","1,917","1,768","1,786","1,722","1,307","1,847","1,881","1,731","1,846","1,437"
23/10,October,"1,719","1,810","1,398","1,516","1,821","1,784","1,881","1,884","1,705","2,099","1,927","2,023","1,981","1,741","1,828","2,048","1,975","1,989","1,897","1,473","1,572","1,758","1,778","1,686","1,604","1,521","1,875","1,777","1,808","1,768"
24/10,October,"1,760","1,803","1,816","1,535","1,456","1,831","1,954","1,928","1,967","1,699","2,097","2,083","2,052","1,988","1,784","1,800","2,027","1,958","1,973","1,744","1,511","1,830","1,742","1,573","1,714","1,330","1,539","1,816","1,975","1,821"
25/10,October,"1,749","1,820","1,835","1,802","1,526","1,830","1,888","2,005","1,998","1,634","1,728","1,985","2,113","2,072","2,053","1,754","1,714","2,022","2,039","1,827","1,807","1,496","1,686","1,651","1,757","1,666","1,453","1,440","1,934","1,829"
26/10,October,"1,294","1,847","1,920","1,928","1,772","1,505","1,923","1,994","2,058","1,961","1,686","1,727","2,188","2,094","2,111","1,983","1,638","2,074","1,987","1,793","1,844","1,538","1,417","1,667","1,731","1,681","1,636","1,360","1,568","1,867"
27/10,October,"1,386","1,848","1,864","1,869","1,752","1,541","1,501","1,999","2,019","1,972","1,948","1,737","1,772","2,110","2,054","2,038","1,849","1,695","1,966","1,763","1,884","1,699","1,396","1,401","1,758","1,671","1,758","1,646","1,506","1,755"
28/10,October,"1,672","1,418","1,835","1,869","1,844","1,756","1,610","1,684","1,970","2,060","1,984","1,973","1,753","2,061","2,241","2,102","1,933","1,688","1,648","1,885","1,904","1,752","1,580","1,341","1,463","1,748","1,762","1,750","1,728","1,613"
29/10,October,"1,683","1,465","1,380","1,940","1,801","1,795","1,843","1,647","1,646","2,090","2,063","1,955","2,040","1,830","2,181","2,114","1,961","1,926","1,646","1,538","1,871","1,841","1,619","1,617","1,363","1,683","1,838","1,764","1,826","1,409"
30/10,October,"1,769","1,748","1,421","1,523","1,801","1,803","1,863","1,894","1,683","2,026","1,991","2,002","2,067","1,826","1,946","2,033","1,928","1,895","1,863","1,574","1,599","1,860","1,699","1,591","1,595","1,468","1,766","1,813","1,850","1,713"
31/10,October,"1,747","1,783","1,749","1,594","1,522","1,847","1,876","1,869","1,919","1,733","1,952","1,983","2,229","1,980","1,801","1,827","1,947","1,984","1,862","1,774","1,537","1,828","1,689","1,715","1,710","1,406","1,413","1,722","1,850","1,851"
01/11,November,"1,739","1,776","1,811","1,862","1,534","1,915","1,944","1,965","1,992","1,673","1,693","1,998","2,161","2,181","2,072","1,699","1,762","2,044","1,983","1,819","1,769","1,570","1,749","1,684","1,729","1,694","1,376","1,520","1,975","1,792"
02/11,November,"1,420","1,870","1,922","1,848","1,777","1,563","1,919","2,026","1,933","1,971","1,648","1,741","2,209","2,075","2,069","1,988","1,614","2,076","1,990","1,799","1,787","1,437","1,435","1,725","1,736","1,771","1,738","1,373","1,665","1,868"
03/11,November,"1,391","1,894","1,897","1,921","1,757","1,506","1,650","2,018","2,038","1,998","1,887","1,622","1,831","2,116","2,134","2,106","1,914","1,703","2,036","1,869","1,950","1,758","1,400","1,430","1,733","1,629","1,840","1,719","1,474","1,743"
04/11,November,"1,661","1,445","1,837","1,989","1,738","1,812","1,544","1,661","1,991","2,061","1,992","2,052","1,750","2,148","2,134","2,138","2,021","1,617","1,716","1,882","1,875","1,787","1,702","1,311","1,445","1,738","1,858","1,797","1,793","1,476"
05/11,November,"1,745","1,435","1,482","1,800","1,790","1,816","1,887","1,591","1,689","2,110","2,045","1,996","2,137","1,886","2,154","2,091","2,003","1,924","1,537","1,534","1,902","1,785","1,640","1,639","1,339","1,851","1,756","1,804","1,909","1,507"
06/11,November,"1,718","1,813","1,443","1,542","1,798","1,887","1,905","1,899","1,668","2,135","2,061","2,016","2,105","1,751","1,852","2,099","2,023","2,016","1,911","1,446","1,642","1,863","1,716","1,694","1,692","1,540","1,825","1,829","1,852","1,687"
07/11,November,"1,700","1,784","1,776","1,576","1,478","1,811","1,917","2,000","1,936","1,789","1,998","2,094","2,014","2,141","1,805","1,785","2,103","1,972","1,898","1,869","1,455","1,868","1,740","1,652","1,775","1,422","1,534","1,883","1,898","1,843"
08/11,November,"1,738","1,859","1,789","1,840","1,428","1,840","1,906","1,991","1,924","1,782","1,776","1,989","2,149","2,065","2,146","1,721","1,856","2,042","1,943","1,835","1,841","1,566","1,714","1,701","1,869","1,666","1,406","1,557","1,943","1,759"
09/11,November,"1,354","1,857","1,820","1,851","1,785","1,593","1,885","2,021","1,997","2,027","1,613","1,731","2,114","2,138","2,167","2,036","1,751","2,059","1,971","1,929","1,886","1,463","1,432","1,696","1,783","1,787","1,739","1,475","1,571","1,889"
10/11,November,"1,369","1,738","1,811","1,970","1,736","1,445","1,688","2,053","2,044","2,080","1,926","1,679","1,832","2,102","2,149","2,118","1,951","1,762","1,909","1,790","1,814","1,770","1,295","1,465","1,795","1,728","1,805","1,792","1,431","1,847"
11/11,November,"1,673","1,476","1,809","1,890","1,846","1,762","1,588","1,627","1,962","1,962","2,024","1,986","1,771","2,245","2,219","2,044","2,062","1,595","1,719","1,826","1,911","1,808","1,698","1,294","1,495","1,796","1,785","1,876","1,809","1,567"
12/11,November,"1,699","1,447","1,342","1,874","1,812","1,821","1,833","1,674","1,705","2,080","2,037","2,029","2,081","1,808","2,193","2,153","2,039","1,964","1,662","1,620","2,001","1,804","1,754","1,702","1,424","1,783","1,841","1,783","1,990","1,411"
13/11,November,"1,665","1,787","1,403","1,532","1,755","1,805","1,821","1,904","1,594","2,065","2,060","2,022","2,059","1,800","1,918","2,102","2,058","1,963","1,897","1,453","1,607","1,768","1,781","1,723","1,714","1,503","1,776","1,805","1,890","1,697"
14/11,November,"1,787","1,767","1,809","1,475","1,490","1,846","1,899","1,982","1,864","1,762","1,955","2,023","2,078","2,027","1,793","1,864","2,009","2,021","1,943","1,744","1,422","1,863","1,827","1,781","1,736","1,380","1,554","1,839","1,955","1,872"
15/11,November,"1,701","1,747","1,754","1,822","1,429","1,873","1,914","1,955","1,993","1,646","1,758","2,005","2,070","2,094","2,018","1,670","1,759","2,040","2,000","1,855","1,841","1,645","1,789","1,745","1,783","1,690","1,348","1,509","1,922","1,905"
16/11,November,"1,394","1,825","1,789","1,851","1,685","1,510","1,917","1,991","1,944","2,012","1,611","1,713","2,096","2,114","2,051","2,110","1,603","2,064","2,005","1,856","1,853","1,425","1,445","1,662","1,759","1,744","1,720","1,410","1,598","1,809"
17/11,November,"1,307","1,762","1,807","1,894","1,781","1,490","1,562","2,022","1,968","2,025","1,907","1,651","1,797","2,193","2,089","2,130","2,000","1,733","1,910","1,837","1,806","1,779","1,385","1,404","1,774","1,721","1,776","1,775","1,433","1,807"
18/11,November,"1,703","1,345","1,820","1,869","1,749","1,806","1,516","1,596","1,964","2,019","2,062","1,955","1,753","2,081","2,105","2,116","2,043","1,677","1,687","1,853","1,880","1,746","1,672","1,312","1,456","1,786","1,738","1,833","1,841","1,520"
19/11,November,"1,685","1,398","1,366","1,834","1,761","1,811","1,796","1,629","1,666","2,015","2,018","2,012","2,104","1,791","2,112","2,159","2,004","1,975","1,576","1,512","1,885","1,778","1,739","1,760","1,396","1,768","1,748","1,771","1,898","1,389"
20/11,November,"1,655","1,684","1,409","1,415","1,712","1,841","1,875","1,927","1,642","2,052","2,003","1,943","2,060","1,700","1,803","2,112","2,016","1,986","1,965","1,509","1,601","1,811","1,651","1,780","1,680","1,474","1,839","1,854","1,948","1,647"
21/11,November,"1,701","1,733","1,730","1,457","1,427","1,823","1,824","1,892","1,885","1,698","1,935","2,024","2,145","2,053","1,707","1,754","2,089","1,994","1,867","1,789","1,477","1,750","1,813","1,706","1,795","1,360","1,529","1,819","1,881","1,810"
22/11,November,"1,650","1,779","1,779","1,848","1,424","1,868","1,912","2,023","1,965","1,708","1,745","2,012","2,039","2,143","2,018","1,611","1,698","1,979","1,883","1,789","1,811","1,507","1,738","1,687","1,783","1,661","1,355","1,470","1,913","1,737"
23/11,November,"1,300","1,795","1,788","1,775","1,673","1,573","1,824","2,007","1,864","2,014","1,627","1,666","2,038","2,110","2,130","1,995","1,659","1,980","1,923","1,837","1,838","1,397","1,473","1,649","1,732","1,751","1,694","1,382","1,551","1,883"
24/11,November,"1,322","1,790","1,720","1,798","1,720","1,485","1,600","1,946","1,933","1,931","1,788","1,606","1,687","2,160","2,133","2,087","1,882","1,637","1,991","1,772","1,817","1,771","1,319","1,447","1,756","1,799","1,750","1,629","1,462","1,839"
25/11,November,"1,678","1,341","1,722","1,820","1,703","1,708","1,516","1,635","1,964","1,964","1,930","1,812","1,627","1,986","2,126","1,986","1,939","1,613","1,611","1,836","1,764","1,689","1,621","1,405","1,478","1,817","1,757","1,783","1,821","1,548"
26/11,November,"1,644","1,348","1,394","1,767","1,692","1,804","1,788","1,633","1,684","1,977","1,892","1,922","2,010","1,818","2,132","2,003","1,949","1,878","1,547","1,616","1,910","1,721","1,653","1,614","1,404","1,819","1,762","1,821","1,863","1,482"
27/11,November,"1,621","1,752","1,334","1,447","1,788","1,760","1,881","1,864","1,572","2,013","1,937","1,896","1,945","1,767","1,778","2,102","1,997","1,921","1,767","1,470","1,535","1,759","1,668","1,619","1,670","1,464","1,729","1,818","1,928","1,676"
28/11,November,"1,658","1,749","1,675","1,465","1,421","1,773","1,956","1,876","1,885","1,692","1,882","1,996","1,966","2,030","1,714","1,734","1,968","1,929","1,950","1,807","1,426","1,809","1,667","1,676","1,725","1,355","1,568","1,833","1,909","1,775"
29/11,November,"1,610","1,730","1,664","1,715","1,360","1,822","1,889","1,853","1,889","1,598","1,591","1,995","1,967","2,095","1,969","1,699","1,809","1,880","1,901","1,813","1,787","1,495","1,731","1,736","1,655","1,676","1,349","1,559","1,900","1,814"
30/11,November,"1,277","1,798","1,654","1,751","1,589","1,553","1,881","1,840","1,830","1,915","1,570","1,636","1,998","1,971","2,055","1,960","1,620","1,980","1,843","1,713","1,806","1,407","1,364","1,718","1,660","1,677","1,652","1,413","1,729","1,764"
01/12,December,"1,292","1,775","1,727","1,818","1,698","1,427","1,539","1,981","1,935","1,863","1,937","1,571","1,745","2,117","2,028","2,020","1,864","1,726","1,879","1,846","1,896","1,712","1,349","1,403","1,705","1,761","1,799","1,648","1,416","1,724"
02/12,December,"1,724","1,338","1,664","1,818","1,640","1,727","1,530","1,558","1,928","1,948","1,942","1,880","1,666","2,134","2,059","2,040","2,023","1,609","1,628","1,903","1,741","1,716","1,632","1,250","1,449","1,766","1,710","1,709","1,752","1,403"
03/12,December,"1,660","1,360","1,393","1,754","1,616","1,723","1,826","1,539","1,640","1,947","1,959","1,968","1,991","1,777","2,061","2,080","1,958","1,958","1,597","1,584","1,853","1,761","1,721","1,562","1,411","1,726","1,730","1,823","1,786","1,411"
04/12,December,"1,659","1,711","1,349","1,437","1,685","1,803","1,921","1,813","1,555","2,053","2,030","1,945","2,093","1,730","1,844","2,044","2,018","1,955","1,830","1,462","1,533","1,750","1,690","1,628","1,654","1,500","1,766","1,760","1,907","1,665"
05/12,December,"1,726","1,709","1,666","1,473","1,345","1,864","1,822","1,852","1,847","1,707","1,938","1,967","1,974","2,016","1,697","1,745","2,102","1,929","1,904","1,745","1,459","1,760","1,717","1,659","1,715","1,371","1,488","1,855","1,912","1,800"
06/12,December,"1,656","1,720","1,699","1,775","1,361","1,808","1,868","1,818","1,917","1,621","1,689","1,936","2,043","2,133","2,015","1,686","1,654","1,920","1,845","1,841","1,734","1,427","1,628","1,681","1,726","1,677","1,447","1,541","1,850","1,742"
07/12,December,"1,320","1,705","1,676","1,737","1,622","1,468","1,828","1,919","1,885","1,916","1,621","1,708","2,053","2,121","2,122","1,903","1,576","2,022","1,865","1,851","1,790","1,393","1,380","1,636","1,734","1,717","1,705","1,462","1,541","1,804"
08/12,December,"1,244","1,726","1,747","1,807","1,621","1,468","1,527","1,941","1,959","1,895","1,923","1,594","1,797","2,143","2,084","2,124","1,877","1,629","1,927","1,857","1,872","1,655","1,315","1,358","1,761","1,763","1,730","1,731","1,361","1,793"
09/12,December,"1,600","1,352","1,712","1,749","1,648","1,719","1,549","1,525","1,938","1,934","1,973","1,946","1,631","2,026","2,070","2,002","1,996","1,653","1,604","1,871","1,791","1,717","1,689","1,253","1,365","1,792","1,750","1,872","1,766","1,476"
10/12,December,"1,617","1,293","1,328","1,828","1,615","1,717","1,815","1,526","1,593","2,045","1,907","1,923","1,938","1,829","2,155","2,016","2,067","1,922","1,503","1,522","1,853","1,781","1,763","1,604","1,331","1,816","1,851","1,763","1,929","1,266"
11/12,December,"1,660","1,696","1,339","1,399","1,613","1,736","1,841","1,871","1,572","1,976","2,021","2,006","2,003","1,664","1,789","2,028","2,099","1,880","1,822","1,443","1,508","1,745","1,674","1,716","1,706","1,529","1,811","1,932","1,860","1,703"
12/12,December,"1,712","1,672","1,660","1,395","1,294","1,847","1,834","1,945","1,958","1,717","1,960","1,989","2,040","2,081","1,734","1,686","2,042","1,975","1,887","1,745","1,500","1,785","1,763","1,683","1,716","1,415","1,542","1,916","1,928","1,825"
13/12,December,"1,642","1,745","1,704","1,765","1,256","1,778","1,921","1,906","1,896","1,621","1,654","1,961","2,082","2,090","1,953","1,650","1,699","1,951","1,887","1,804","1,751","1,473","1,623","1,618","1,743","1,636","1,325","1,484","1,841","1,800"
14/12,December,"1,313","1,748","1,723","1,796","1,568","1,525","1,885","1,943","2,034","1,911","1,614","1,675","2,127","2,116","2,031","1,945","1,713","1,991","1,890","1,818","1,817","1,410","1,417","1,654","1,792","1,805","1,676","1,411","1,581","1,897"
15/12,December,"1,329","1,730","1,710","1,802","1,625","1,481","1,590","1,904","1,945","1,940","1,920","1,618","1,776","2,072","2,049","2,122","2,010","1,647","1,890","1,910","1,921","1,723","1,350","1,334","1,713","1,744","1,798","1,787","1,495","1,787"
16/12,December,"1,676","1,335","1,712","1,834","1,630","1,804","1,541","1,575","1,991","1,961","2,062","2,016","1,676","2,099","2,099","2,048","2,018","1,671","1,549","1,976","1,839","1,711","1,697","1,306","1,433","1,751","1,875","1,844","1,904","1,605"
17/12,December,"1,732","1,314","1,359","1,723","1,655","1,814","1,862","1,573","1,672","1,998","1,970","2,023","2,042","1,835","2,145","2,129","2,035","1,960","1,592","1,613","1,980","1,776","1,791","1,617","1,342","1,807","1,810","1,847","1,983","1,405"
18/12,December,"1,738","1,730","1,347","1,434","1,710","1,861","1,900","1,836","1,628","2,016","2,039","1,984","2,039","1,790","1,842","2,135","2,076","2,052","1,873","1,514","1,595","1,859","1,732","1,723","1,716","1,555","1,828","1,993","2,023","1,766"
19/12,December,"1,738","1,843","1,771","1,416","1,364","1,899","1,907","1,887","1,942","1,732","2,018","2,085","2,075","2,117","1,766","1,807","2,058","2,098","1,912","1,840","1,509","1,869","1,839","1,700","1,764","1,393","1,525","1,987","2,060","1,829"
20/12,December,"1,773","1,788","1,749","1,787","1,352","1,916","2,020","1,961","1,999","1,673","1,702","2,136","2,154","2,121","2,116","1,686","1,808","2,048","1,964","1,917","1,896","1,563","1,885","1,707","1,844","1,795","1,412","1,642","2,018","1,866"
21/12,December,"1,375","1,775","1,824","1,856","1,638","1,523","1,934","1,970","2,012","2,042","1,547","1,709","2,212","2,215","2,134","2,074","1,724","2,175","1,937","1,969","1,894","1,445","1,543","1,742","1,770","1,849","1,782","1,459","1,703","1,812"
22/12,December,"1,355","1,743","1,810","1,766","1,634","1,574","1,570","1,978","2,074","2,124","1,959","1,702","1,851","2,149","2,157","2,114","2,003","1,804","1,966","1,891","1,848","1,836","1,450","1,521","1,720","1,870","1,753","1,750","1,471","1,759"
23/12,December,"1,763","1,361","1,777","1,804","1,664","1,850","1,547","1,635","1,989","2,079","2,013","2,096","1,752","2,061","2,148","2,093","2,024","1,657","1,621","1,827","1,789","1,789","1,704","1,321","1,471","1,783","1,741","1,759","1,768","1,603"
24/12,December,"1,669","1,290","1,290","1,694","1,525","1,641","1,800","1,514","1,627","1,985","1,874","1,899","1,915","1,795","1,961","1,968","1,916","1,863","1,460","1,577","1,739","1,661","1,620","1,447","1,293","1,630","1,636","1,697","1,680","1,380"
25/12,December,"1,143","1,112","1,158","1,235","1,135","1,263","1,292","1,385","1,391","1,548","1,440","1,505","1,554","1,594","1,701","1,605","1,522","1,593","1,389","1,385","1,344","1,335","1,302","1,227","1,195","1,326","1,394","1,382","1,366","1,289"
26/12,December,"1,050","1,051","1,123","1,139","1,076","1,219","1,193","1,251","1,360","1,420","1,361","1,474","1,601","1,505","1,525","1,534","1,452","1,447","1,357","1,273","1,306","1,316","1,290","1,147","1,173","1,312","1,294","1,288","1,296","1,228"
27/12,December,"1,711","1,652","1,311","1,290","1,194","1,684","1,825","1,865","1,447","1,480","1,494","1,932","2,051","1,556","1,689","1,687","1,525","2,080","1,951","1,401","1,484","1,512","1,774","1,720","1,715","1,514","1,402","1,485","1,885","1,606"
28/12,December,"1,327","1,781","1,770","1,429","1,290","1,424","1,922","1,943","1,951","1,529","1,519","1,746","2,100","2,063","1,798","1,706","1,542","2,158","1,994","1,852","1,471","1,452","1,495","1,779","1,780","1,522","1,463","1,565","1,757","1,897"
29/12,December,"1,343","1,805","1,870","1,958","1,756","1,456","1,604","2,025","2,077","2,066","1,906","1,616","1,795","2,161","2,141","2,132","2,050","1,808","2,084","1,985","1,908","1,755","1,426","1,541","1,782","1,856","1,819","1,890","1,633","1,857"
30/12,December,"1,795","1,364","1,798","1,846","1,720","1,793","1,572","1,709","2,034","2,122","2,006","1,995","1,801","2,147","2,272","2,202","2,107","1,777","1,715","1,902","1,858","1,809","1,700","1,439","1,559","1,912","1,876","1,918","1,883","1,661"
31/12,December,"1,763","1,290","1,423","1,801","1,741","1,837","1,857","1,565","1,664","2,094","1,980","1,963","1,997","1,814","2,149","2,196","2,033","1,976","1,654","1,636","1,937","1,762","1,780","1,615","1,377","1,664","1,855","1,891","1,844","1,532"
